,/content/drive/MyDrive/Digispecies/Data/unziped_02_dec/tx_7724/29028/images/Tuexen_7724_tif/00000006.tif
0,/content/drive/MyDrive/Digispecies/Data/unziped_02_dec/tx_7724/29028/images/Tuexen_7724_tif/00000007.tif
1,/content/drive/MyDrive/Digispecies/Data/unziped_02_dec/tx_7724/29028/images/Tuexen_7724_tif/00000011.tif
2,/content/drive/MyDrive/Digispecies/Data/unziped_02_dec/tx_7724/29028/images/Tuexen_7724_tif/00000013.tif
3,/content/drive/MyDrive/Digispecies/Data/unziped_02_dec/tx_7963/29039/images/Tuexen_7963_tif/00000006.tif
4,/content/drive/MyDrive/Digispecies/Data/unziped_02_dec/tx_7963/29039/images/Tuexen_7963_tif/00000007.tif
5,/content/drive/MyDrive/Digispecies/Data/unziped_02_dec/tx_7963/29039/images/Tuexen_7963_tif/00000011.tif
6,/content/drive/MyDrive/Digispecies/Data/unziped_02_dec/tx_7963/29039/images/Tuexen_7963_tif/00000012.tif
7,/content/drive/MyDrive/Digispecies/Data/unziped_02_dec/tx_7963/29039/images/Tuexen_7963_tif/00000015.tif
8,/content/drive/MyDrive/Digispecies/Data/unziped_02_dec/tx_7963/29039/images/Tuexen_7963_tif/00000014.tif
9,/content/drive/MyDrive/Digispecies/Data/unziped_02_dec/tx_7963/29039/images/Tuexen_7963_tif/00000017.tif
10,/content/drive/MyDrive/Digispecies/Data/unziped_02_dec/tx_7963/29039/images/Tuexen_7963_tif/00000016.tif
11,/content/drive/MyDrive/Digispecies/Data/unziped_02_dec/tx_7963/29039/images/Tuexen_7963_tif/00000018.tif
12,/content/drive/MyDrive/Digispecies/Data/unziped_02_dec/tx_7963/29039/images/Tuexen_7963_tif/00000019.tif
13,/content/drive/MyDrive/Digispecies/Data/unziped_02_dec/tx_7963/29039/images/Tuexen_7963_tif/00000021.tif
14,/content/drive/MyDrive/Digispecies/Data/unziped_02_dec/tx_7963/29039/images/Tuexen_7963_tif/00000022.tif
15,/content/drive/MyDrive/Digispecies/Data/unziped_02_dec/tx_7963/29039/images/Tuexen_7963_tif/00000020.tif
16,/content/drive/MyDrive/Digispecies/Data/unziped_02_dec/tx_7963/29039/images/Tuexen_7963_tif/00000023.tif
17,/content/drive/MyDrive/Digispecies/Data/unziped_02_dec/tx_7963/29039/images/Tuexen_7963_tif/00000024.tif
18,/content/drive/MyDrive/Digispecies/Data/unziped_02_dec/tx_8099/29066/images/Tuexen_8099_tif/00000001.tif
19,/content/drive/MyDrive/Digispecies/Data/unziped_02_dec/tx_8099/29066/images/Tuexen_8099_tif/00000003.tif
20,/content/drive/MyDrive/Digispecies/Data/unziped_02_dec/tx_7609/29015/images/Tuexen_7609_tif/00000006.tif
21,/content/drive/MyDrive/Digispecies/Data/unziped_02_dec/tx_7609/29015/images/Tuexen_7609_tif/00000012.tif
22,/content/drive/MyDrive/Digispecies/Data/unziped_02_dec/tx_7609/29015/images/Tuexen_7609_tif/00000025.tif
23,/content/drive/MyDrive/Digispecies/Data/unziped_02_dec/tx_7609/29015/images/Tuexen_7609_tif/00000026.tif
24,/content/drive/MyDrive/Digispecies/Data/unziped_02_dec/tx_7609/29015/images/Tuexen_7609_tif/00000033.tif
25,/content/drive/MyDrive/Digispecies/Data/unziped_02_dec/tx_7609/29015/images/Tuexen_7609_tif/00000037.tif
26,/content/drive/MyDrive/Digispecies/Data/unziped_02_dec/tx_7609/29015/images/Tuexen_7609_tif/00000039.tif
27,/content/drive/MyDrive/Digispecies/Data/unziped_02_dec/tx_7609/29015/images/Tuexen_7609_tif/00000038.tif
28,/content/drive/MyDrive/Digispecies/Data/unziped_02_dec/tx_7609/29015/images/Tuexen_7609_tif/00000048.tif
29,/content/drive/MyDrive/Digispecies/Data/unziped_02_dec/tx_7609/29015/images/Tuexen_7609_tif/00000055.tif
30,/content/drive/MyDrive/Digispecies/Data/unziped_02_dec/tx_7609/29015/images/Tuexen_7609_tif/00000060.tif
31,/content/drive/MyDrive/Digispecies/Data/unziped_02_dec/tx_7609/29015/images/Tuexen_7609_tif/00000061.tif
32,/content/drive/MyDrive/Digispecies/Data/unziped_02_dec/tx_7609/29015/images/Tuexen_7609_tif/00000079.tif
33,/content/drive/MyDrive/Digispecies/Data/unziped_02_dec/tx_7609/29015/images/Tuexen_7609_tif/00000081.tif
34,/content/drive/MyDrive/Digispecies/Data/unziped_02_dec/tx_7609/29015/images/Tuexen_7609_tif/00000083.tif
35,/content/drive/MyDrive/Digispecies/Data/unziped_02_dec/tx_7609/29015/images/Tuexen_7609_tif/00000085.tif
36,/content/drive/MyDrive/Digispecies/Data/unziped_02_dec/tx_7609/29015/images/Tuexen_7609_tif/00000087.tif
37,/content/drive/MyDrive/Digispecies/Data/unziped_02_dec/tx_7705/29024/images/Tuexen_7705_tif/00000025.tif
38,/content/drive/MyDrive/Digispecies/Data/unziped_02_dec/tx_7705/29024/images/Tuexen_7705_tif/00000027.tif
39,/content/drive/MyDrive/Digispecies/Data/unziped_02_dec/tx_7705/29024/images/Tuexen_7705_tif/00000029.tif
40,/content/drive/MyDrive/Digispecies/Data/unziped_02_dec/tx_7705/29024/images/Tuexen_7705_tif/00000031.tif
41,/content/drive/MyDrive/Digispecies/Data/unziped_02_dec/tx_7705/29024/images/Tuexen_7705_tif/00000033.tif
42,/content/drive/MyDrive/Digispecies/Data/unziped_02_dec/tx_7454/28990/images/Tuexen_7454_tif/00000006.tif
43,/content/drive/MyDrive/Digispecies/Data/unziped_02_dec/tx_7454/28990/images/Tuexen_7454_tif/00000007.tif
44,/content/drive/MyDrive/Digispecies/Data/unziped_02_dec/tx_7454/28990/images/Tuexen_7454_tif/00000008.tif
45,/content/drive/MyDrive/Digispecies/Data/unziped_02_dec/tx_7454/28990/images/Tuexen_7454_tif/00000009.tif
46,/content/drive/MyDrive/Digispecies/Data/unziped_02_dec/tx_7454/28990/images/Tuexen_7454_tif/00000012.tif
47,/content/drive/MyDrive/Digispecies/Data/unziped_02_dec/tx_7454/28990/images/Tuexen_7454_tif/00000010.tif
48,/content/drive/MyDrive/Digispecies/Data/unziped_02_dec/tx_7817/29032/images/Tuexen_7817_tif/00000007.tif
49,/content/drive/MyDrive/Digispecies/Data/unziped_02_dec/tx_7817/29032/images/Tuexen_7817_tif/00000008.tif
50,/content/drive/MyDrive/Digispecies/Data/unziped_02_dec/tx_7817/29032/images/Tuexen_7817_tif/00000014.tif
51,/content/drive/MyDrive/Digispecies/Data/unziped_02_dec/tx_7817/29032/images/Tuexen_7817_tif/00000016.tif
52,/content/drive/MyDrive/Digispecies/Data/unziped_02_dec/tx_7817/29032/images/Tuexen_7817_tif/00000013.tif
53,/content/drive/MyDrive/Digispecies/Data/unziped_02_dec/tx_7817/29032/images/Tuexen_7817_tif/00000015.tif
54,/content/drive/MyDrive/Digispecies/Data/unziped_02_dec/tx_7965/29041/images/Tuexen_7965_tif/00000005.tif
55,/content/drive/MyDrive/Digispecies/Data/unziped_02_dec/tx_7965/29041/images/Tuexen_7965_tif/00000007.tif
56,/content/drive/MyDrive/Digispecies/Data/unziped_02_dec/tx_7965/29041/images/Tuexen_7965_tif/00000009.tif
57,/content/drive/MyDrive/Digispecies/Data/unziped_02_dec/tx_7965/29041/images/Tuexen_7965_tif/00000011.tif
58,/content/drive/MyDrive/Digispecies/Data/unziped_02_dec/tx_7965/29041/images/Tuexen_7965_tif/00000013.tif
59,/content/drive/MyDrive/Digispecies/Data/unziped_02_dec/tx_7965/29041/images/Tuexen_7965_tif/00000015.tif
60,/content/drive/MyDrive/Digispecies/Data/unziped_02_dec/tx_7965/29041/images/Tuexen_7965_tif/00000017.tif
61,/content/drive/MyDrive/Digispecies/Data/unziped_02_dec/tx_7965/29041/images/Tuexen_7965_tif/00000021.tif
62,/content/drive/MyDrive/Digispecies/Data/unziped_02_dec/tx_7965/29041/images/Tuexen_7965_tif/00000019.tif
63,/content/drive/MyDrive/Digispecies/Data/unziped_02_dec/tx_8369/29090/images/Tuexen_8369_tif/00000001.tif
64,/content/drive/MyDrive/Digispecies/Data/unziped_02_dec/tx_8369/29090/images/Tuexen_8369_tif/00000006.tif
65,/content/drive/MyDrive/Digispecies/Data/unziped_02_dec/tx_8369/29090/images/Tuexen_8369_tif/00000009.tif
66,/content/drive/MyDrive/Digispecies/Data/unziped_02_dec/tx_8369/29090/images/Tuexen_8369_tif/00000014.tif
67,/content/drive/MyDrive/Digispecies/Data/unziped_02_dec/tx_7462/28991/images/Tuexen_7462_tif/00000008.tif
68,/content/drive/MyDrive/Digispecies/Data/unziped_02_dec/tx_7462/28991/images/Tuexen_7462_tif/00000011.tif
69,/content/drive/MyDrive/Digispecies/Data/unziped_02_dec/tx_7462/28991/images/Tuexen_7462_tif/00000015.tif
70,/content/drive/MyDrive/Digispecies/Data/unziped_02_dec/tx_7426/28987/images/Tuexen_7426_tif/00000021.tif
71,/content/drive/MyDrive/Digispecies/Data/unziped_02_dec/tx_7426/28987/images/Tuexen_7426_tif/00000043.tif
72,/content/drive/MyDrive/Digispecies/Data/unziped_02_dec/tx_8012/29058/images/Tuexen_8012_tif/00000004.tif
73,/content/drive/MyDrive/Digispecies/Data/unziped_02_dec/tx_7870/29034/images/Tuexen_7870_tif/00000003.tif
74,/content/drive/MyDrive/Digispecies/Data/unziped_02_dec/tx_7870/29034/images/Tuexen_7870_tif/00000010.tif
75,/content/drive/MyDrive/Digispecies/Data/unziped_02_dec/tx_7870/29034/images/Tuexen_7870_tif/00000013.tif
76,/content/drive/MyDrive/Digispecies/Data/unziped_02_dec/tx_7870/29034/images/Tuexen_7870_tif/00000009.tif
77,/content/drive/MyDrive/Digispecies/Data/unziped_02_dec/tx_7870/29034/images/Tuexen_7870_tif/00000016.tif
78,/content/drive/MyDrive/Digispecies/Data/unziped_02_dec/tx_7870/29034/images/Tuexen_7870_tif/00000019.tif
79,/content/drive/MyDrive/Digispecies/Data/unziped_02_dec/tx_7870/29034/images/Tuexen_7870_tif/00000025.tif
80,/content/drive/MyDrive/Digispecies/Data/unziped_02_dec/tx_7870/29034/images/Tuexen_7870_tif/00000029.tif
81,/content/drive/MyDrive/Digispecies/Data/unziped_02_dec/tx_7870/29034/images/Tuexen_7870_tif/00000028.tif
82,/content/drive/MyDrive/Digispecies/Data/unziped_02_dec/tx_7870/29034/images/Tuexen_7870_tif/00000030.tif
83,/content/drive/MyDrive/Digispecies/Data/unziped_02_dec/tx_7870/29034/images/Tuexen_7870_tif/00000026.tif
84,/content/drive/MyDrive/Digispecies/Data/unziped_02_dec/tx_7870/29034/images/Tuexen_7870_tif/00000032.tif
85,/content/drive/MyDrive/Digispecies/Data/unziped_02_dec/tx_7870/29034/images/Tuexen_7870_tif/00000033.tif
86,/content/drive/MyDrive/Digispecies/Data/unziped_02_dec/tx_7708/29025/images/Tuexen_7708_tif/00000001.tif
87,/content/drive/MyDrive/Digispecies/Data/unziped_02_dec/tx_7708/29025/images/Tuexen_7708_tif/00000079.tif
88,/content/drive/MyDrive/Digispecies/Data/unziped_02_dec/tx_7708/29025/images/Tuexen_7708_tif/00000129.tif
89,/content/drive/MyDrive/Digispecies/Data/unziped_02_dec/tx_7636/29016/images/Tuexen_7636_tif/00000004.tif
90,/content/drive/MyDrive/Digispecies/Data/unziped_02_dec/tx_7676/29021/images/Tuexen_7676_tif/00000004.tif
91,/content/drive/MyDrive/Digispecies/Data/unziped_02_dec/tx_7676/29021/images/Tuexen_7676_tif/00000008.tif
92,/content/drive/MyDrive/Digispecies/Data/unziped_02_dec/tx_7676/29021/images/Tuexen_7676_tif/00000007.tif
93,/content/drive/MyDrive/Digispecies/Data/unziped_02_dec/tx_7676/29021/images/Tuexen_7676_tif/00000012.tif
94,/content/drive/MyDrive/Digispecies/Data/unziped_02_dec/tx_7676/29021/images/Tuexen_7676_tif/00000013.tif
95,/content/drive/MyDrive/Digispecies/Data/unziped_02_dec/tx_7676/29021/images/Tuexen_7676_tif/00000011.tif
96,/content/drive/MyDrive/Digispecies/Data/unziped_02_dec/tx_7676/29021/images/Tuexen_7676_tif/00000014.tif
97,/content/drive/MyDrive/Digispecies/Data/unziped_02_dec/tx_7676/29021/images/Tuexen_7676_tif/00000015.tif
98,/content/drive/MyDrive/Digispecies/Data/unziped_02_dec/tx_7676/29021/images/Tuexen_7676_tif/00000017.tif
99,/content/drive/MyDrive/Digispecies/Data/unziped_02_dec/tx_7676/29021/images/Tuexen_7676_tif/00000018.tif
100,/content/drive/MyDrive/Digispecies/Data/unziped_02_dec/tx_7676/29021/images/Tuexen_7676_tif/00000021.tif
101,/content/drive/MyDrive/Digispecies/Data/unziped_02_dec/tx_7676/29021/images/Tuexen_7676_tif/00000022.tif
102,/content/drive/MyDrive/Digispecies/Data/unziped_02_dec/tx_7676/29021/images/Tuexen_7676_tif/00000020.tif
103,/content/drive/MyDrive/Digispecies/Data/unziped_02_dec/tx_7676/29021/images/Tuexen_7676_tif/00000023.tif
104,/content/drive/MyDrive/Digispecies/Data/unziped_02_dec/tx_7608/29014/images/Tuexen_7608_tif/00000003.tif
105,/content/drive/MyDrive/Digispecies/Data/unziped_02_dec/tx_7608/29014/images/Tuexen_7608_tif/00000016.tif
106,/content/drive/MyDrive/Digispecies/Data/unziped_02_dec/tx_7608/29014/images/Tuexen_7608_tif/00000017.tif
107,/content/drive/MyDrive/Digispecies/Data/unziped_02_dec/tx_7608/29014/images/Tuexen_7608_tif/00000033.tif
108,/content/drive/MyDrive/Digispecies/Data/unziped_02_dec/tx_7608/29014/images/Tuexen_7608_tif/00000042.tif
109,/content/drive/MyDrive/Digispecies/Data/unziped_02_dec/tx_7608/29014/images/Tuexen_7608_tif/00000048.tif
110,/content/drive/MyDrive/Digispecies/Data/unziped_02_dec/tx_7608/29014/images/Tuexen_7608_tif/00000051.tif
111,/content/drive/MyDrive/Digispecies/Data/unziped_02_dec/tx_7608/29014/images/Tuexen_7608_tif/00000056.tif
112,/content/drive/MyDrive/Digispecies/Data/unziped_02_dec/tx_7608/29014/images/Tuexen_7608_tif/00000059.tif
113,/content/drive/MyDrive/Digispecies/Data/unziped_02_dec/tx_7608/29014/images/Tuexen_7608_tif/00000063.tif
114,/content/drive/MyDrive/Digispecies/Data/unziped_02_dec/tx_8093/29064/images/Tuexen_8093_tif/00000008.tif
115,/content/drive/MyDrive/Digispecies/Data/unziped_02_dec/tx_7483/28997/images/Tuexen_7483_tif/00000027.tif
116,/content/drive/MyDrive/Digispecies/Data/unziped_02_dec/tx_7828/29033/images/Tuexen_7828_tif/00000005.tif
117,/content/drive/MyDrive/Digispecies/Data/unziped_02_dec/tx_7828/29033/images/Tuexen_7828_tif/00000014.tif
118,/content/drive/MyDrive/Digispecies/Data/unziped_02_dec/tx_7828/29033/images/Tuexen_7828_tif/00000027.tif
119,/content/drive/MyDrive/Digispecies/Data/unziped_02_dec/tx_7974/29048/images/Tuexen_7974_tif/00000006.tif
120,/content/drive/MyDrive/Digispecies/Data/unziped_02_dec/tx_7674/29020/images/Tuexen_7674_tif/00000022.tif
121,/content/drive/MyDrive/Digispecies/Data/unziped_02_dec/tx_7674/29020/images/Tuexen_7674_tif/00000021.tif
122,/content/drive/MyDrive/Digispecies/Data/unziped_02_dec/tx_7674/29020/images/Tuexen_7674_tif/00000025.tif
123,/content/drive/MyDrive/Digispecies/Data/unziped_02_dec/tx_7674/29020/images/Tuexen_7674_tif/00000024.tif
124,/content/drive/MyDrive/Digispecies/Data/unziped_02_dec/tx_7674/29020/images/Tuexen_7674_tif/00000026.tif
125,/content/drive/MyDrive/Digispecies/Data/unziped_02_dec/tx_7674/29020/images/Tuexen_7674_tif/00000030.tif
126,/content/drive/MyDrive/Digispecies/Data/unziped_02_dec/tx_7674/29020/images/Tuexen_7674_tif/00000029.tif
127,/content/drive/MyDrive/Digispecies/Data/unziped_02_dec/tx_7674/29020/images/Tuexen_7674_tif/00000031.tif
128,/content/drive/MyDrive/Digispecies/Data/unziped_02_dec/tx_7674/29020/images/Tuexen_7674_tif/00000033.tif
129,/content/drive/MyDrive/Digispecies/Data/unziped_02_dec/tx_7674/29020/images/Tuexen_7674_tif/00000035.tif
130,/content/drive/MyDrive/Digispecies/Data/unziped_02_dec/tx_7674/29020/images/Tuexen_7674_tif/00000040.tif
131,/content/drive/MyDrive/Digispecies/Data/unziped_02_dec/tx_7674/29020/images/Tuexen_7674_tif/00000039.tif
132,/content/drive/MyDrive/Digispecies/Data/unziped_02_dec/tx_7674/29020/images/Tuexen_7674_tif/00000046.tif
133,/content/drive/MyDrive/Digispecies/Data/unziped_02_dec/tx_7674/29020/images/Tuexen_7674_tif/00000049.tif
134,/content/drive/MyDrive/Digispecies/Data/unziped_02_dec/tx_8338/29088/images/Tuexen_8338_tif/00000006.tif
135,/content/drive/MyDrive/Digispecies/Data/unziped_02_dec/tx_8338/29088/images/Tuexen_8338_tif/00000005.tif
136,/content/drive/MyDrive/Digispecies/Data/unziped_02_dec/tx_8338/29088/images/Tuexen_8338_tif/00000012.tif
137,/content/drive/MyDrive/Digispecies/Data/unziped_02_dec/tx_8338/29088/images/Tuexen_8338_tif/00000018.tif
138,/content/drive/MyDrive/Digispecies/Data/unziped_02_dec/tx_8338/29088/images/Tuexen_8338_tif/00000017.tif
139,/content/drive/MyDrive/Digispecies/Data/unziped_02_dec/tx_8338/29088/images/Tuexen_8338_tif/00000019.tif
140,/content/drive/MyDrive/Digispecies/Data/unziped_02_dec/tx_8338/29088/images/Tuexen_8338_tif/00000016.tif
141,/content/drive/MyDrive/Digispecies/Data/unziped_02_dec/tx_8338/29088/images/Tuexen_8338_tif/00000020.tif
142,/content/drive/MyDrive/Digispecies/Data/unziped_02_dec/tx_8338/29088/images/Tuexen_8338_tif/00000023.tif
143,/content/drive/MyDrive/Digispecies/Data/unziped_02_dec/tx_8338/29088/images/Tuexen_8338_tif/00000022.tif
144,/content/drive/MyDrive/Digispecies/Data/unziped_02_dec/tx_8338/29088/images/Tuexen_8338_tif/00000021.tif
145,/content/drive/MyDrive/Digispecies/Data/unziped_02_dec/tx_8338/29088/images/Tuexen_8338_tif/00000024.tif
146,/content/drive/MyDrive/Digispecies/Data/unziped_02_dec/tx_8338/29088/images/Tuexen_8338_tif/00000026.tif
147,/content/drive/MyDrive/Digispecies/Data/unziped_02_dec/tx_8338/29088/images/Tuexen_8338_tif/00000028.tif
148,/content/drive/MyDrive/Digispecies/Data/unziped_02_dec/tx_8338/29088/images/Tuexen_8338_tif/00000025.tif
149,/content/drive/MyDrive/Digispecies/Data/unziped_02_dec/tx_8338/29088/images/Tuexen_8338_tif/00000027.tif
150,/content/drive/MyDrive/Digispecies/Data/unziped_02_dec/tx_8338/29088/images/Tuexen_8338_tif/00000030.tif
151,/content/drive/MyDrive/Digispecies/Data/unziped_02_dec/tx_8338/29088/images/Tuexen_8338_tif/00000029.tif
152,/content/drive/MyDrive/Digispecies/Data/unziped_02_dec/tx_8338/29088/images/Tuexen_8338_tif/00000032.tif
153,/content/drive/MyDrive/Digispecies/Data/unziped_02_dec/tx_8338/29088/images/Tuexen_8338_tif/00000031.tif
154,/content/drive/MyDrive/Digispecies/Data/unziped_02_dec/tx_8338/29088/images/Tuexen_8338_tif/00000036.tif
155,/content/drive/MyDrive/Digispecies/Data/unziped_02_dec/tx_8338/29088/images/Tuexen_8338_tif/00000035.tif
156,/content/drive/MyDrive/Digispecies/Data/unziped_02_dec/tx_8338/29088/images/Tuexen_8338_tif/00000034.tif
157,/content/drive/MyDrive/Digispecies/Data/unziped_02_dec/tx_8338/29088/images/Tuexen_8338_tif/00000037.tif
158,/content/drive/MyDrive/Digispecies/Data/unziped_02_dec/tx_8338/29088/images/Tuexen_8338_tif/00000033.tif
159,/content/drive/MyDrive/Digispecies/Data/unziped_02_dec/tx_8338/29088/images/Tuexen_8338_tif/00000039.tif
160,/content/drive/MyDrive/Digispecies/Data/unziped_02_dec/tx_8338/29088/images/Tuexen_8338_tif/00000040.tif
161,/content/drive/MyDrive/Digispecies/Data/unziped_02_dec/tx_8338/29088/images/Tuexen_8338_tif/00000038.tif
162,/content/drive/MyDrive/Digispecies/Data/unziped_02_dec/tx_8338/29088/images/Tuexen_8338_tif/00000042.tif
163,/content/drive/MyDrive/Digispecies/Data/unziped_02_dec/tx_8338/29088/images/Tuexen_8338_tif/00000041.tif
164,/content/drive/MyDrive/Digispecies/Data/unziped_02_dec/tx_8338/29088/images/Tuexen_8338_tif/00000045.tif
165,/content/drive/MyDrive/Digispecies/Data/unziped_02_dec/tx_8338/29088/images/Tuexen_8338_tif/00000043.tif
166,/content/drive/MyDrive/Digispecies/Data/unziped_02_dec/tx_8338/29088/images/Tuexen_8338_tif/00000044.tif
167,/content/drive/MyDrive/Digispecies/Data/unziped_02_dec/tx_8338/29088/images/Tuexen_8338_tif/00000046.tif
168,/content/drive/MyDrive/Digispecies/Data/unziped_02_dec/tx_8338/29088/images/Tuexen_8338_tif/00000051.tif
169,/content/drive/MyDrive/Digispecies/Data/unziped_02_dec/tx_8338/29088/images/Tuexen_8338_tif/00000047.tif
170,/content/drive/MyDrive/Digispecies/Data/unziped_02_dec/tx_8338/29088/images/Tuexen_8338_tif/00000048.tif
171,/content/drive/MyDrive/Digispecies/Data/unziped_02_dec/tx_8338/29088/images/Tuexen_8338_tif/00000050.tif
172,/content/drive/MyDrive/Digispecies/Data/unziped_02_dec/tx_8338/29088/images/Tuexen_8338_tif/00000049.tif
173,/content/drive/MyDrive/Digispecies/Data/unziped_02_dec/tx_8338/29088/images/Tuexen_8338_tif/00000053.tif
174,/content/drive/MyDrive/Digispecies/Data/unziped_02_dec/tx_8338/29088/images/Tuexen_8338_tif/00000052.tif
175,/content/drive/MyDrive/Digispecies/Data/unziped_02_dec/tx_8338/29088/images/Tuexen_8338_tif/00000055.tif
176,/content/drive/MyDrive/Digispecies/Data/unziped_02_dec/tx_8338/29088/images/Tuexen_8338_tif/00000054.tif
177,/content/drive/MyDrive/Digispecies/Data/unziped_02_dec/tx_8338/29088/images/Tuexen_8338_tif/00000060.tif
178,/content/drive/MyDrive/Digispecies/Data/unziped_02_dec/tx_8338/29088/images/Tuexen_8338_tif/00000059.tif
179,/content/drive/MyDrive/Digispecies/Data/unziped_02_dec/tx_8338/29088/images/Tuexen_8338_tif/00000056.tif
180,/content/drive/MyDrive/Digispecies/Data/unziped_02_dec/tx_8338/29088/images/Tuexen_8338_tif/00000058.tif
181,/content/drive/MyDrive/Digispecies/Data/unziped_02_dec/tx_8338/29088/images/Tuexen_8338_tif/00000062.tif
182,/content/drive/MyDrive/Digispecies/Data/unziped_02_dec/tx_8338/29088/images/Tuexen_8338_tif/00000063.tif
183,/content/drive/MyDrive/Digispecies/Data/unziped_02_dec/tx_8338/29088/images/Tuexen_8338_tif/00000064.tif
184,/content/drive/MyDrive/Digispecies/Data/unziped_02_dec/tx_8338/29088/images/Tuexen_8338_tif/00000061.tif
185,/content/drive/MyDrive/Digispecies/Data/unziped_02_dec/tx_8338/29088/images/Tuexen_8338_tif/00000068.tif
186,/content/drive/MyDrive/Digispecies/Data/unziped_02_dec/tx_8338/29088/images/Tuexen_8338_tif/00000069.tif
187,/content/drive/MyDrive/Digispecies/Data/unziped_02_dec/tx_8338/29088/images/Tuexen_8338_tif/00000067.tif
188,/content/drive/MyDrive/Digispecies/Data/unziped_02_dec/tx_8338/29088/images/Tuexen_8338_tif/00000066.tif
189,/content/drive/MyDrive/Digispecies/Data/unziped_02_dec/tx_8338/29088/images/Tuexen_8338_tif/00000065.tif
190,/content/drive/MyDrive/Digispecies/Data/unziped_02_dec/tx_8338/29088/images/Tuexen_8338_tif/00000072.tif
191,/content/drive/MyDrive/Digispecies/Data/unziped_02_dec/tx_8338/29088/images/Tuexen_8338_tif/00000071.tif
192,/content/drive/MyDrive/Digispecies/Data/unziped_02_dec/tx_8338/29088/images/Tuexen_8338_tif/00000070.tif
193,/content/drive/MyDrive/Digispecies/Data/unziped_02_dec/tx_8338/29088/images/Tuexen_8338_tif/00000073.tif
194,/content/drive/MyDrive/Digispecies/Data/unziped_02_dec/tx_8338/29088/images/Tuexen_8338_tif/00000074.tif
195,/content/drive/MyDrive/Digispecies/Data/unziped_02_dec/tx_8338/29088/images/Tuexen_8338_tif/00000079.tif
196,/content/drive/MyDrive/Digispecies/Data/unziped_02_dec/tx_8338/29088/images/Tuexen_8338_tif/00000081.tif
197,/content/drive/MyDrive/Digispecies/Data/unziped_02_dec/tx_8338/29088/images/Tuexen_8338_tif/00000080.tif
198,/content/drive/MyDrive/Digispecies/Data/unziped_02_dec/tx_8338/29088/images/Tuexen_8338_tif/00000082.tif
199,/content/drive/MyDrive/Digispecies/Data/unziped_02_dec/tx_8338/29088/images/Tuexen_8338_tif/00000087.tif
200,/content/drive/MyDrive/Digispecies/Data/unziped_02_dec/tx_8338/29088/images/Tuexen_8338_tif/00000084.tif
201,/content/drive/MyDrive/Digispecies/Data/unziped_02_dec/tx_8338/29088/images/Tuexen_8338_tif/00000085.tif
202,/content/drive/MyDrive/Digispecies/Data/unziped_02_dec/tx_8338/29088/images/Tuexen_8338_tif/00000083.tif
203,/content/drive/MyDrive/Digispecies/Data/unziped_02_dec/tx_8338/29088/images/Tuexen_8338_tif/00000086.tif
204,/content/drive/MyDrive/Digispecies/Data/unziped_02_dec/tx_8338/29088/images/Tuexen_8338_tif/00000090.tif
205,/content/drive/MyDrive/Digispecies/Data/unziped_02_dec/tx_8338/29088/images/Tuexen_8338_tif/00000088.tif
206,/content/drive/MyDrive/Digispecies/Data/unziped_02_dec/tx_8338/29088/images/Tuexen_8338_tif/00000091.tif
207,/content/drive/MyDrive/Digispecies/Data/unziped_02_dec/tx_8338/29088/images/Tuexen_8338_tif/00000089.tif
208,/content/drive/MyDrive/Digispecies/Data/unziped_02_dec/tx_8338/29088/images/Tuexen_8338_tif/00000092.tif
209,/content/drive/MyDrive/Digispecies/Data/unziped_02_dec/tx_7999/29055/images/Tuexen_7999_tif/00000008.tif
210,/content/drive/MyDrive/Digispecies/Data/unziped_02_dec/tx_7999/29055/images/Tuexen_7999_tif/00000011.tif
211,/content/drive/MyDrive/Digispecies/Data/unziped_02_dec/tx_7988/29054/images/Tuexen_7988_tif/00000011.tif
212,/content/drive/MyDrive/Digispecies/Data/unziped_02_dec/tx_7988/29054/images/Tuexen_7988_tif/00000019.tif
213,/content/drive/MyDrive/Digispecies/Data/unziped_02_dec/tx_7988/29054/images/Tuexen_7988_tif/00000027.tif
214,/content/drive/MyDrive/Digispecies/Data/unziped_02_dec/tx_7988/29054/images/Tuexen_7988_tif/00000030.tif
215,/content/drive/MyDrive/Digispecies/Data/unziped_02_dec/tx_7988/29054/images/Tuexen_7988_tif/00000031.tif
216,/content/drive/MyDrive/Digispecies/Data/unziped_02_dec/tx_7988/29054/images/Tuexen_7988_tif/00000032.tif
217,/content/drive/MyDrive/Digispecies/Data/unziped_02_dec/tx_7988/29054/images/Tuexen_7988_tif/00000035.tif
218,/content/drive/MyDrive/Digispecies/Data/unziped_02_dec/tx_7988/29054/images/Tuexen_7988_tif/00000037.tif
219,/content/drive/MyDrive/Digispecies/Data/unziped_02_dec/tx_7988/29054/images/Tuexen_7988_tif/00000038.tif
220,/content/drive/MyDrive/Digispecies/Data/unziped_02_dec/tx_7988/29054/images/Tuexen_7988_tif/00000042.tif
221,/content/drive/MyDrive/Digispecies/Data/unziped_02_dec/tx_7975/29049/images/Tuexen_7975_tif/00000007.tif
222,/content/drive/MyDrive/Digispecies/Data/unziped_02_dec/tx_7975/29049/images/Tuexen_7975_tif/00000006.tif
223,/content/drive/MyDrive/Digispecies/Data/unziped_02_dec/tx_7975/29049/images/Tuexen_7975_tif/00000010.tif
224,/content/drive/MyDrive/Digispecies/Data/unziped_02_dec/tx_7975/29049/images/Tuexen_7975_tif/00000011.tif
225,/content/drive/MyDrive/Digispecies/Data/unziped_02_dec/tx_7975/29049/images/Tuexen_7975_tif/00000018.tif
226,/content/drive/MyDrive/Digispecies/Data/unziped_02_dec/tx_7975/29049/images/Tuexen_7975_tif/00000017.tif
227,/content/drive/MyDrive/Digispecies/Data/unziped_02_dec/tx_7975/29049/images/Tuexen_7975_tif/00000020.tif
228,/content/drive/MyDrive/Digispecies/Data/unziped_02_dec/tx_7975/29049/images/Tuexen_7975_tif/00000023.tif
229,/content/drive/MyDrive/Digispecies/Data/unziped_02_dec/tx_7975/29049/images/Tuexen_7975_tif/00000024.tif
230,/content/drive/MyDrive/Digispecies/Data/unziped_02_dec/tx_7975/29049/images/Tuexen_7975_tif/00000026.tif
231,/content/drive/MyDrive/Digispecies/Data/unziped_02_dec/tx_7975/29049/images/Tuexen_7975_tif/00000028.tif
232,/content/drive/MyDrive/Digispecies/Data/unziped_02_dec/tx_7975/29049/images/Tuexen_7975_tif/00000032.tif
233,/content/drive/MyDrive/Digispecies/Data/unziped_02_dec/tx_7975/29049/images/Tuexen_7975_tif/00000039.tif
234,/content/drive/MyDrive/Digispecies/Data/unziped_02_dec/tx_7975/29049/images/Tuexen_7975_tif/00000041.tif
235,/content/drive/MyDrive/Digispecies/Data/unziped_02_dec/tx_7975/29049/images/Tuexen_7975_tif/00000043.tif
236,/content/drive/MyDrive/Digispecies/Data/unziped_02_dec/tx_7975/29049/images/Tuexen_7975_tif/00000049.tif
237,/content/drive/MyDrive/Digispecies/Data/unziped_02_dec/tx_7975/29049/images/Tuexen_7975_tif/00000048.tif
238,/content/drive/MyDrive/Digispecies/Data/unziped_02_dec/tx_7975/29049/images/Tuexen_7975_tif/00000054.tif
239,/content/drive/MyDrive/Digispecies/Data/unziped_02_dec/tx_7975/29049/images/Tuexen_7975_tif/00000111.tif
240,/content/drive/MyDrive/Digispecies/Data/unziped_02_dec/tx_7975/29049/images/Tuexen_7975_tif/00000124.tif
241,/content/drive/MyDrive/Digispecies/Data/unziped_02_dec/tx_7975/29049/images/Tuexen_7975_tif/00000125.tif
242,/content/drive/MyDrive/Digispecies/Data/unziped_02_dec/tx_7983/29053/images/Tuexen_7983_tif/00000007.tif
243,/content/drive/MyDrive/Digispecies/Data/unziped_02_dec/tx_7983/29053/images/Tuexen_7983_tif/00000006.tif
244,/content/drive/MyDrive/Digispecies/Data/unziped_02_dec/tx_8156/29073/images/Tuexen_8156_tif/00000018.tif
245,/content/drive/MyDrive/Digispecies/Data/unziped_02_dec/tx_8156/29073/images/Tuexen_8156_tif/00000017.tif
246,/content/drive/MyDrive/Digispecies/Data/unziped_02_dec/tx_8156/29073/images/Tuexen_8156_tif/00000020.tif
247,/content/drive/MyDrive/Digispecies/Data/unziped_02_dec/tx_8156/29073/images/Tuexen_8156_tif/00000019.tif
248,/content/drive/MyDrive/Digispecies/Data/unziped_02_dec/tx_8156/29073/images/Tuexen_8156_tif/00000021.tif
249,/content/drive/MyDrive/Digispecies/Data/unziped_02_dec/tx_8156/29073/images/Tuexen_8156_tif/00000024.tif
250,/content/drive/MyDrive/Digispecies/Data/unziped_02_dec/tx_8156/29073/images/Tuexen_8156_tif/00000023.tif
251,/content/drive/MyDrive/Digispecies/Data/unziped_02_dec/tx_8156/29073/images/Tuexen_8156_tif/00000022.tif
252,/content/drive/MyDrive/Digispecies/Data/unziped_02_dec/tx_8156/29073/images/Tuexen_8156_tif/00000026.tif
253,/content/drive/MyDrive/Digispecies/Data/unziped_02_dec/tx_8156/29073/images/Tuexen_8156_tif/00000025.tif
254,/content/drive/MyDrive/Digispecies/Data/unziped_02_dec/tx_8156/29073/images/Tuexen_8156_tif/00000027.tif
255,/content/drive/MyDrive/Digispecies/Data/unziped_02_dec/tx_8156/29073/images/Tuexen_8156_tif/00000029.tif
256,/content/drive/MyDrive/Digispecies/Data/unziped_02_dec/tx_8156/29073/images/Tuexen_8156_tif/00000031.tif
257,/content/drive/MyDrive/Digispecies/Data/unziped_02_dec/tx_8156/29073/images/Tuexen_8156_tif/00000028.tif
258,/content/drive/MyDrive/Digispecies/Data/unziped_02_dec/tx_8156/29073/images/Tuexen_8156_tif/00000030.tif
259,/content/drive/MyDrive/Digispecies/Data/unziped_02_dec/tx_8156/29073/images/Tuexen_8156_tif/00000034.tif
260,/content/drive/MyDrive/Digispecies/Data/unziped_02_dec/tx_8156/29073/images/Tuexen_8156_tif/00000032.tif
261,/content/drive/MyDrive/Digispecies/Data/unziped_02_dec/tx_8156/29073/images/Tuexen_8156_tif/00000033.tif
262,/content/drive/MyDrive/Digispecies/Data/unziped_02_dec/tx_8156/29073/images/Tuexen_8156_tif/00000035.tif
263,/content/drive/MyDrive/Digispecies/Data/unziped_02_dec/tx_8156/29073/images/Tuexen_8156_tif/00000036.tif
264,/content/drive/MyDrive/Digispecies/Data/unziped_02_dec/tx_8156/29073/images/Tuexen_8156_tif/00000037.tif
265,/content/drive/MyDrive/Digispecies/Data/unziped_02_dec/tx_8001/29056/images/Tuexen_8001_tif/00000015.tif
266,/content/drive/MyDrive/Digispecies/Data/unziped_02_dec/tx_8001/29056/images/Tuexen_8001_tif/00000017.tif
267,/content/drive/MyDrive/Digispecies/Data/unziped_02_dec/tx_8001/29056/images/Tuexen_8001_tif/00000018.tif
268,/content/drive/MyDrive/Digispecies/Data/unziped_02_dec/tx_8001/29056/images/Tuexen_8001_tif/00000019.tif
269,/content/drive/MyDrive/Digispecies/Data/unziped_02_dec/tx_8001/29056/images/Tuexen_8001_tif/00000020.tif
270,/content/drive/MyDrive/Digispecies/Data/unziped_02_dec/tx_8001/29056/images/Tuexen_8001_tif/00000047.tif
271,/content/drive/MyDrive/Digispecies/Data/unziped_02_dec/tx_8001/29056/images/Tuexen_8001_tif/00000050.tif
272,/content/drive/MyDrive/Digispecies/Data/unziped_02_dec/tx_8001/29056/images/Tuexen_8001_tif/00000055.tif
273,/content/drive/MyDrive/Digispecies/Data/unziped_02_dec/tx_8001/29056/images/Tuexen_8001_tif/00000056.tif
274,/content/drive/MyDrive/Digispecies/Data/unziped_02_dec/tx_8001/29056/images/Tuexen_8001_tif/00000058.tif
275,/content/drive/MyDrive/Digispecies/Data/unziped_02_dec/tx_8001/29056/images/Tuexen_8001_tif/00000059.tif
276,/content/drive/MyDrive/Digispecies/Data/unziped_02_dec/tx_8222/29081/images/Tuexen_8222_tif/00000003.tif
277,/content/drive/MyDrive/Digispecies/Data/unziped_02_dec/tx_8222/29081/images/Tuexen_8222_tif/00000009.tif
278,/content/drive/MyDrive/Digispecies/Data/unziped_02_dec/tx_8222/29081/images/Tuexen_8222_tif/00000041.tif
279,/content/drive/MyDrive/Digispecies/Data/unziped_02_dec/tx_7465/28993/images/Tuexen_7465_tif/00000008.tif
280,/content/drive/MyDrive/Digispecies/Data/unziped_02_dec/tx_7465/28993/images/Tuexen_7465_tif/00000010.tif
281,/content/drive/MyDrive/Digispecies/Data/unziped_02_dec/tx_7465/28993/images/Tuexen_7465_tif/00000009.tif
282,/content/drive/MyDrive/Digispecies/Data/unziped_02_dec/tx_7465/28993/images/Tuexen_7465_tif/00000011.tif
283,/content/drive/MyDrive/Digispecies/Data/unziped_02_dec/tx_7465/28993/images/Tuexen_7465_tif/00000015.tif
284,/content/drive/MyDrive/Digispecies/Data/unziped_02_dec/tx_7465/28993/images/Tuexen_7465_tif/00000017.tif
285,/content/drive/MyDrive/Digispecies/Data/unziped_02_dec/tx_7465/28993/images/Tuexen_7465_tif/00000014.tif
286,/content/drive/MyDrive/Digispecies/Data/unziped_02_dec/tx_7465/28993/images/Tuexen_7465_tif/00000019.tif
287,/content/drive/MyDrive/Digispecies/Data/unziped_02_dec/tx_7465/28993/images/Tuexen_7465_tif/00000027.tif
288,/content/drive/MyDrive/Digispecies/Data/unziped_02_dec/tx_7465/28993/images/Tuexen_7465_tif/00000030.tif
289,/content/drive/MyDrive/Digispecies/Data/unziped_02_dec/tx_7465/28993/images/Tuexen_7465_tif/00000029.tif
290,/content/drive/MyDrive/Digispecies/Data/unziped_02_dec/tx_7465/28993/images/Tuexen_7465_tif/00000031.tif
291,/content/drive/MyDrive/Digispecies/Data/unziped_02_dec/tx_7465/28993/images/Tuexen_7465_tif/00000035.tif
292,/content/drive/MyDrive/Digispecies/Data/unziped_02_dec/tx_7465/28993/images/Tuexen_7465_tif/00000037.tif
293,/content/drive/MyDrive/Digispecies/Data/unziped_02_dec/tx_7465/28993/images/Tuexen_7465_tif/00000039.tif
294,/content/drive/MyDrive/Digispecies/Data/unziped_02_dec/tx_7465/28993/images/Tuexen_7465_tif/00000044.tif
295,/content/drive/MyDrive/Digispecies/Data/unziped_02_dec/tx_7465/28993/images/Tuexen_7465_tif/00000053.tif
296,/content/drive/MyDrive/Digispecies/Data/unziped_02_dec/tx_7465/28993/images/Tuexen_7465_tif/00000055.tif
297,/content/drive/MyDrive/Digispecies/Data/unziped_02_dec/tx_7465/28993/images/Tuexen_7465_tif/00000059.tif
298,/content/drive/MyDrive/Digispecies/Data/unziped_02_dec/tx_7465/28993/images/Tuexen_7465_tif/00000063.tif
299,/content/drive/MyDrive/Digispecies/Data/unziped_02_dec/tx_7549/29009/images/Tuexen_7549_tif/00000014.tif
300,/content/drive/MyDrive/Digispecies/Data/unziped_02_dec/tx_7549/29009/images/Tuexen_7549_tif/00000013.tif
301,/content/drive/MyDrive/Digispecies/Data/unziped_02_dec/tx_7549/29009/images/Tuexen_7549_tif/00000017.tif
302,/content/drive/MyDrive/Digispecies/Data/unziped_02_dec/tx_7549/29009/images/Tuexen_7549_tif/00000018.tif
303,/content/drive/MyDrive/Digispecies/Data/unziped_02_dec/tx_7549/29009/images/Tuexen_7549_tif/00000015.tif
304,/content/drive/MyDrive/Digispecies/Data/unziped_02_dec/tx_7549/29009/images/Tuexen_7549_tif/00000016.tif
305,/content/drive/MyDrive/Digispecies/Data/unziped_02_dec/tx_7549/29009/images/Tuexen_7549_tif/00000021.tif
306,/content/drive/MyDrive/Digispecies/Data/unziped_02_dec/tx_7549/29009/images/Tuexen_7549_tif/00000024.tif
307,/content/drive/MyDrive/Digispecies/Data/unziped_02_dec/tx_7549/29009/images/Tuexen_7549_tif/00000023.tif
308,/content/drive/MyDrive/Digispecies/Data/unziped_02_dec/tx_7549/29009/images/Tuexen_7549_tif/00000051.tif
309,/content/drive/MyDrive/Digispecies/Data/unziped_02_dec/tx_7716/29027/images/Tuexen_7716_tif/00000002.tif
310,/content/drive/MyDrive/Digispecies/Data/unziped_02_dec/tx_8103/29068/images/Tuexen_8103_tif/00000002.tif
311,/content/drive/MyDrive/Digispecies/Data/unziped_02_dec/tx_8103/29068/images/Tuexen_8103_tif/00000005.tif
312,/content/drive/MyDrive/Digispecies/Data/unziped_02_dec/tx_8103/29068/images/Tuexen_8103_tif/00000004.tif
313,/content/drive/MyDrive/Digispecies/Data/unziped_02_dec/tx_8103/29068/images/Tuexen_8103_tif/00000006.tif
314,/content/drive/MyDrive/Digispecies/Data/unziped_02_dec/tx_8103/29068/images/Tuexen_8103_tif/00000007.tif
315,/content/drive/MyDrive/Digispecies/Data/unziped_02_dec/tx_7498/29003/images/Tuexen_7498_tif/00000005.tif
316,/content/drive/MyDrive/Digispecies/Data/unziped_02_dec/tx_7498/29003/images/Tuexen_7498_tif/00000006.tif
317,/content/drive/MyDrive/Digispecies/Data/unziped_02_dec/tx_7498/29003/images/Tuexen_7498_tif/00000014.tif
318,/content/drive/MyDrive/Digispecies/Data/unziped_02_dec/tx_7498/29003/images/Tuexen_7498_tif/00000029.tif
319,/content/drive/MyDrive/Digispecies/Data/unziped_02_dec/tx_7498/29003/images/Tuexen_7498_tif/00000030.tif
320,/content/drive/MyDrive/Digispecies/Data/unziped_02_dec/tx_7498/29003/images/Tuexen_7498_tif/00000032.tif
321,/content/drive/MyDrive/Digispecies/Data/unziped_02_dec/tx_7498/29003/images/Tuexen_7498_tif/00000033.tif
322,/content/drive/MyDrive/Digispecies/Data/unziped_02_dec/tx_7498/29003/images/Tuexen_7498_tif/00000031.tif
323,/content/drive/MyDrive/Digispecies/Data/unziped_02_dec/tx_7498/29003/images/Tuexen_7498_tif/00000034.tif
324,/content/drive/MyDrive/Digispecies/Data/unziped_02_dec/tx_7498/29003/images/Tuexen_7498_tif/00000035.tif
325,/content/drive/MyDrive/Digispecies/Data/unziped_02_dec/tx_7498/29003/images/Tuexen_7498_tif/00000037.tif
326,/content/drive/MyDrive/Digispecies/Data/unziped_02_dec/tx_7498/29003/images/Tuexen_7498_tif/00000046.tif
327,/content/drive/MyDrive/Digispecies/Data/unziped_02_dec/tx_7498/29003/images/Tuexen_7498_tif/00000047.tif
328,/content/drive/MyDrive/Digispecies/Data/unziped_02_dec/tx_7498/29003/images/Tuexen_7498_tif/00000048.tif
329,/content/drive/MyDrive/Digispecies/Data/unziped_02_dec/tx_7498/29003/images/Tuexen_7498_tif/00000049.tif
330,/content/drive/MyDrive/Digispecies/Data/unziped_02_dec/tx_7498/29003/images/Tuexen_7498_tif/00000053.tif
331,/content/drive/MyDrive/Digispecies/Data/unziped_02_dec/tx_7498/29003/images/Tuexen_7498_tif/00000052.tif
332,/content/drive/MyDrive/Digispecies/Data/unziped_02_dec/tx_7498/29003/images/Tuexen_7498_tif/00000054.tif
333,/content/drive/MyDrive/Digispecies/Data/unziped_02_dec/tx_7498/29003/images/Tuexen_7498_tif/00000058.tif
334,/content/drive/MyDrive/Digispecies/Data/unziped_02_dec/tx_7498/29003/images/Tuexen_7498_tif/00000059.tif
335,/content/drive/MyDrive/Digispecies/Data/unziped_02_dec/tx_7498/29003/images/Tuexen_7498_tif/00000060.tif
336,/content/drive/MyDrive/Digispecies/Data/unziped_02_dec/tx_7498/29003/images/Tuexen_7498_tif/00000061.tif
337,/content/drive/MyDrive/Digispecies/Data/unziped_02_dec/tx_7498/29003/images/Tuexen_7498_tif/00000064.tif
338,/content/drive/MyDrive/Digispecies/Data/unziped_02_dec/tx_7498/29003/images/Tuexen_7498_tif/00000065.tif
339,/content/drive/MyDrive/Digispecies/Data/unziped_02_dec/tx_7498/29003/images/Tuexen_7498_tif/00000071.tif
340,/content/drive/MyDrive/Digispecies/Data/unziped_02_dec/tx_7498/29003/images/Tuexen_7498_tif/00000072.tif
341,/content/drive/MyDrive/Digispecies/Data/unziped_02_dec/tx_7498/29003/images/Tuexen_7498_tif/00000070.tif
342,/content/drive/MyDrive/Digispecies/Data/unziped_02_dec/tx_7498/29003/images/Tuexen_7498_tif/00000076.tif
343,/content/drive/MyDrive/Digispecies/Data/unziped_02_dec/tx_7498/29003/images/Tuexen_7498_tif/00000077.tif
344,/content/drive/MyDrive/Digispecies/Data/unziped_02_dec/tx_7498/29003/images/Tuexen_7498_tif/00000082.tif
345,/content/drive/MyDrive/Digispecies/Data/unziped_02_dec/tx_7498/29003/images/Tuexen_7498_tif/00000083.tif
346,/content/drive/MyDrive/Digispecies/Data/unziped_02_dec/tx_7498/29003/images/Tuexen_7498_tif/00000086.tif
347,/content/drive/MyDrive/Digispecies/Data/unziped_02_dec/tx_7498/29003/images/Tuexen_7498_tif/00000088.tif
348,/content/drive/MyDrive/Digispecies/Data/unziped_02_dec/tx_7498/29003/images/Tuexen_7498_tif/00000087.tif
349,/content/drive/MyDrive/Digispecies/Data/unziped_02_dec/tx_7498/29003/images/Tuexen_7498_tif/00000091.tif
350,/content/drive/MyDrive/Digispecies/Data/unziped_02_dec/tx_7498/29003/images/Tuexen_7498_tif/00000095.tif
351,/content/drive/MyDrive/Digispecies/Data/unziped_02_dec/tx_7498/29003/images/Tuexen_7498_tif/00000097.tif
352,/content/drive/MyDrive/Digispecies/Data/unziped_02_dec/tx_7498/29003/images/Tuexen_7498_tif/00000106.tif
353,/content/drive/MyDrive/Digispecies/Data/unziped_02_dec/tx_7498/29003/images/Tuexen_7498_tif/00000109.tif
354,/content/drive/MyDrive/Digispecies/Data/unziped_02_dec/tx_7498/29003/images/Tuexen_7498_tif/00000123.tif
355,/content/drive/MyDrive/Digispecies/Data/unziped_02_dec/tx_7498/29003/images/Tuexen_7498_tif/00000124.tif
356,/content/drive/MyDrive/Digispecies/Data/unziped_02_dec/tx_7498/29003/images/Tuexen_7498_tif/00000127.tif
357,/content/drive/MyDrive/Digispecies/Data/unziped_02_dec/tx_7498/29003/images/Tuexen_7498_tif/00000128.tif
358,/content/drive/MyDrive/Digispecies/Data/unziped_02_dec/tx_7498/29003/images/Tuexen_7498_tif/00000139.tif
359,/content/drive/MyDrive/Digispecies/Data/unziped_02_dec/tx_7498/29003/images/Tuexen_7498_tif/00000148.tif
360,/content/drive/MyDrive/Digispecies/Data/unziped_02_dec/tx_7498/29003/images/Tuexen_7498_tif/00000150.tif
361,/content/drive/MyDrive/Digispecies/Data/unziped_02_dec/tx_7498/29003/images/Tuexen_7498_tif/00000151.tif
362,/content/drive/MyDrive/Digispecies/Data/unziped_02_dec/tx_7498/29003/images/Tuexen_7498_tif/00000157.tif
363,/content/drive/MyDrive/Digispecies/Data/unziped_02_dec/tx_7498/29003/images/Tuexen_7498_tif/00000161.tif
364,/content/drive/MyDrive/Digispecies/Data/unziped_02_dec/tx_7498/29003/images/Tuexen_7498_tif/00000160.tif
365,/content/drive/MyDrive/Digispecies/Data/unziped_02_dec/tx_7498/29003/images/Tuexen_7498_tif/00000163.tif
366,/content/drive/MyDrive/Digispecies/Data/unziped_02_dec/tx_7498/29003/images/Tuexen_7498_tif/00000164.tif
367,/content/drive/MyDrive/Digispecies/Data/unziped_02_dec/tx_8161/29076/images/Tuexen_8161_tif/00000005.tif
368,/content/drive/MyDrive/Digispecies/Data/unziped_02_dec/tx_8161/29076/images/Tuexen_8161_tif/00000007.tif
369,/content/drive/MyDrive/Digispecies/Data/unziped_02_dec/tx_8161/29076/images/Tuexen_8161_tif/00000009.tif
370,/content/drive/MyDrive/Digispecies/Data/unziped_02_dec/tx_8161/29076/images/Tuexen_8161_tif/00000011.tif
371,/content/drive/MyDrive/Digispecies/Data/unziped_02_dec/tx_8161/29076/images/Tuexen_8161_tif/00000015.tif
372,/content/drive/MyDrive/Digispecies/Data/unziped_02_dec/tx_8161/29076/images/Tuexen_8161_tif/00000013.tif
373,/content/drive/MyDrive/Digispecies/Data/unziped_02_dec/tx_8161/29076/images/Tuexen_8161_tif/00000017.tif
374,/content/drive/MyDrive/Digispecies/Data/unziped_02_dec/tx_8249/29083/images/Tuexen_8249_tif/00000017.tif
375,/content/drive/MyDrive/Digispecies/Data/unziped_02_dec/tx_8249/29083/images/Tuexen_8249_tif/00000018.tif
376,/content/drive/MyDrive/Digispecies/Data/unziped_02_dec/tx_8257/29085/images/Tuexen_8257_tif/00000002.tif
377,/content/drive/MyDrive/Digispecies/Data/unziped_02_dec/tx_8257/29085/images/Tuexen_8257_tif/00000006.tif
378,/content/drive/MyDrive/Digispecies/Data/unziped_02_dec/tx_8257/29085/images/Tuexen_8257_tif/00000009.tif
379,/content/drive/MyDrive/Digispecies/Data/unziped_02_dec/tx_8257/29085/images/Tuexen_8257_tif/00000015.tif
380,/content/drive/MyDrive/Digispecies/Data/unziped_02_dec/tx_8257/29085/images/Tuexen_8257_tif/00000016.tif
381,/content/drive/MyDrive/Digispecies/Data/unziped_02_dec/tx_7464/28992/images/Tuexen_7464_tif/00000007.tif
382,/content/drive/MyDrive/Digispecies/Data/unziped_02_dec/tx_7464/28992/images/Tuexen_7464_tif/00000011.tif
383,/content/drive/MyDrive/Digispecies/Data/unziped_02_dec/tx_7464/28992/images/Tuexen_7464_tif/00000015.tif
384,/content/drive/MyDrive/Digispecies/Data/unziped_02_dec/tx_7464/28992/images/Tuexen_7464_tif/00000014.tif
385,/content/drive/MyDrive/Digispecies/Data/unziped_02_dec/tx_7464/28992/images/Tuexen_7464_tif/00000018.tif
386,/content/drive/MyDrive/Digispecies/Data/unziped_02_dec/tx_7464/28992/images/Tuexen_7464_tif/00000017.tif
387,/content/drive/MyDrive/Digispecies/Data/unziped_02_dec/tx_7464/28992/images/Tuexen_7464_tif/00000022.tif
388,/content/drive/MyDrive/Digispecies/Data/unziped_02_dec/tx_7423/28986/images/Tuexen_7423_tif/00000012.tif
389,/content/drive/MyDrive/Digispecies/Data/unziped_02_dec/tx_7423/28986/images/Tuexen_7423_tif/00000050.tif
390,/content/drive/MyDrive/Digispecies/Data/unziped_02_dec/tx_7423/28986/images/Tuexen_7423_tif/00000055.tif
391,/content/drive/MyDrive/Digispecies/Data/unziped_02_dec/tx_7423/28986/images/Tuexen_7423_tif/00000061.tif
392,/content/drive/MyDrive/Digispecies/Data/unziped_02_dec/tx_7423/28986/images/Tuexen_7423_tif/00000059.tif
393,/content/drive/MyDrive/Digispecies/Data/unziped_02_dec/tx_7423/28986/images/Tuexen_7423_tif/00000105.tif
394,/content/drive/MyDrive/Digispecies/Data/unziped_02_dec/tx_8115/29069/images/Tuexen_8115_tif/00000005.tif
395,/content/drive/MyDrive/Digispecies/Data/unziped_02_dec/tx_8115/29069/images/Tuexen_8115_tif/00000007.tif
396,/content/drive/MyDrive/Digispecies/Data/unziped_02_dec/tx_8115/29069/images/Tuexen_8115_tif/00000016.tif
397,/content/drive/MyDrive/Digispecies/Data/unziped_02_dec/tx_8115/29069/images/Tuexen_8115_tif/00000015.tif
398,/content/drive/MyDrive/Digispecies/Data/unziped_02_dec/tx_8115/29069/images/Tuexen_8115_tif/00000018.tif
399,/content/drive/MyDrive/Digispecies/Data/unziped_02_dec/tx_8115/29069/images/Tuexen_8115_tif/00000020.tif
400,/content/drive/MyDrive/Digispecies/Data/unziped_02_dec/tx_8115/29069/images/Tuexen_8115_tif/00000022.tif
401,/content/drive/MyDrive/Digispecies/Data/unziped_02_dec/tx_8115/29069/images/Tuexen_8115_tif/00000024.tif
402,/content/drive/MyDrive/Digispecies/Data/unziped_02_dec/tx_8115/29069/images/Tuexen_8115_tif/00000023.tif
403,/content/drive/MyDrive/Digispecies/Data/unziped_02_dec/tx_8115/29069/images/Tuexen_8115_tif/00000027.tif
404,/content/drive/MyDrive/Digispecies/Data/unziped_02_dec/tx_8115/29069/images/Tuexen_8115_tif/00000028.tif
405,/content/drive/MyDrive/Digispecies/Data/unziped_02_dec/tx_8115/29069/images/Tuexen_8115_tif/00000031.tif
406,/content/drive/MyDrive/Digispecies/Data/unziped_02_dec/tx_8115/29069/images/Tuexen_8115_tif/00000030.tif
407,/content/drive/MyDrive/Digispecies/Data/unziped_02_dec/tx_8115/29069/images/Tuexen_8115_tif/00000032.tif
408,/content/drive/MyDrive/Digispecies/Data/unziped_02_dec/tx_8115/29069/images/Tuexen_8115_tif/00000033.tif
409,/content/drive/MyDrive/Digispecies/Data/unziped_02_dec/tx_8115/29069/images/Tuexen_8115_tif/00000037.tif
410,/content/drive/MyDrive/Digispecies/Data/unziped_02_dec/tx_8115/29069/images/Tuexen_8115_tif/00000036.tif
411,/content/drive/MyDrive/Digispecies/Data/unziped_02_dec/tx_8115/29069/images/Tuexen_8115_tif/00000039.tif
412,/content/drive/MyDrive/Digispecies/Data/unziped_02_dec/tx_8115/29069/images/Tuexen_8115_tif/00000038.tif
413,/content/drive/MyDrive/Digispecies/Data/unziped_02_dec/tx_7518/29005/images/Tuexen_7518_tif/00000004.tif
414,/content/drive/MyDrive/Digispecies/Data/unziped_02_dec/tx_7518/29005/images/Tuexen_7518_tif/00000007.tif
415,/content/drive/MyDrive/Digispecies/Data/unziped_02_dec/tx_7518/29005/images/Tuexen_7518_tif/00000006.tif
416,/content/drive/MyDrive/Digispecies/Data/unziped_02_dec/tx_7518/29005/images/Tuexen_7518_tif/00000005.tif
417,/content/drive/MyDrive/Digispecies/Data/unziped_02_dec/tx_7518/29005/images/Tuexen_7518_tif/00000010.tif
418,/content/drive/MyDrive/Digispecies/Data/unziped_02_dec/tx_7518/29005/images/Tuexen_7518_tif/00000008.tif
419,/content/drive/MyDrive/Digispecies/Data/unziped_02_dec/tx_7533/29008/images/Tuexen_7533_tif/00000072.tif
420,/content/drive/MyDrive/Digispecies/Data/unziped_02_dec/tx_7533/29008/images/Tuexen_7533_tif/00000080.tif
421,/content/drive/MyDrive/Digispecies/Data/unziped_02_dec/tx_8157/29074/images/Tuexen_8157_tif/00000018.tif
422,/content/drive/MyDrive/Digispecies/Data/unziped_02_dec/tx_7493/29002/images/Tuexen_7493_tif/00000024.tif
423,/content/drive/MyDrive/Digispecies/Data/unziped_02_dec/tx_7967/29043/images/Tuexen_7967_tif/00000009.tif
424,/content/drive/MyDrive/Digispecies/Data/unziped_02_dec/tx_7967/29043/images/Tuexen_7967_tif/00000011.tif
425,/content/drive/MyDrive/Digispecies/Data/unziped_02_dec/tx_7967/29043/images/Tuexen_7967_tif/00000013.tif
426,/content/drive/MyDrive/Digispecies/Data/unziped_02_dec/tx_8248/29082/images/Tuexen_8248_tif/00000027.tif
427,/content/drive/MyDrive/Digispecies/Data/unziped_02_dec/tx_8248/29082/images/Tuexen_8248_tif/00000035.tif
428,/content/drive/MyDrive/Digispecies/Data/unziped_02_dec/tx_7787/29030/images/Tuexen_7787_tif/00000010.tif
429,/content/drive/MyDrive/Digispecies/Data/unziped_02_dec/tx_7787/29030/images/Tuexen_7787_tif/00000014.tif
430,/content/drive/MyDrive/Digispecies/Data/unziped_02_dec/tx_7787/29030/images/Tuexen_7787_tif/00000012.tif
431,/content/drive/MyDrive/Digispecies/Data/unziped_02_dec/tx_7787/29030/images/Tuexen_7787_tif/00000016.tif
432,/content/drive/MyDrive/Digispecies/Data/unziped_02_dec/tx_7787/29030/images/Tuexen_7787_tif/00000017.tif
433,/content/drive/MyDrive/Digispecies/Data/unziped_02_dec/tx_7787/29030/images/Tuexen_7787_tif/00000018.tif
434,/content/drive/MyDrive/Digispecies/Data/unziped_02_dec/tx_7787/29030/images/Tuexen_7787_tif/00000027.tif
435,/content/drive/MyDrive/Digispecies/Data/unziped_02_dec/tx_7787/29030/images/Tuexen_7787_tif/00000025.tif
436,/content/drive/MyDrive/Digispecies/Data/unziped_02_dec/tx_7787/29030/images/Tuexen_7787_tif/00000024.tif
437,/content/drive/MyDrive/Digispecies/Data/unziped_02_dec/tx_7787/29030/images/Tuexen_7787_tif/00000028.tif
438,/content/drive/MyDrive/Digispecies/Data/unziped_02_dec/tx_7787/29030/images/Tuexen_7787_tif/00000026.tif
439,/content/drive/MyDrive/Digispecies/Data/unziped_02_dec/tx_7787/29030/images/Tuexen_7787_tif/00000030.tif
440,/content/drive/MyDrive/Digispecies/Data/unziped_02_dec/tx_7787/29030/images/Tuexen_7787_tif/00000032.tif
441,/content/drive/MyDrive/Digispecies/Data/unziped_02_dec/tx_7787/29030/images/Tuexen_7787_tif/00000033.tif
442,/content/drive/MyDrive/Digispecies/Data/unziped_02_dec/tx_7447/28988/images/Tuexen_7447_tif/00000004.tif
443,/content/drive/MyDrive/Digispecies/Data/unziped_02_dec/tx_7595/29013/images/Tuexen_7595_tif/00000076.tif
444,/content/drive/MyDrive/Digispecies/Data/unziped_02_dec/tx_7595/29013/images/Tuexen_7595_tif/00000075.tif
445,/content/drive/MyDrive/Digispecies/Data/unziped_02_dec/tx_7595/29013/images/Tuexen_7595_tif/00000077.tif
446,/content/drive/MyDrive/Digispecies/Data/unziped_02_dec/tx_7595/29013/images/Tuexen_7595_tif/00000078.tif
447,/content/drive/MyDrive/Digispecies/Data/unziped_02_dec/tx_7595/29013/images/Tuexen_7595_tif/00000079.tif
448,/content/drive/MyDrive/Digispecies/Data/unziped_02_dec/tx_7595/29013/images/Tuexen_7595_tif/00000080.tif
449,/content/drive/MyDrive/Digispecies/Data/unziped_02_dec/tx_7595/29013/images/Tuexen_7595_tif/00000081.tif
450,/content/drive/MyDrive/Digispecies/Data/unziped_02_dec/tx_7595/29013/images/Tuexen_7595_tif/00000082.tif
451,/content/drive/MyDrive/Digispecies/Data/unziped_02_dec/tx_7595/29013/images/Tuexen_7595_tif/00000086.tif
452,/content/drive/MyDrive/Digispecies/Data/unziped_02_dec/tx_7397/28978/images/Tuexen_7397_tif/00000010.tif
453,/content/drive/MyDrive/Digispecies/Data/unziped_02_dec/tx_7971/29046/images/Tuexen_7971_tif/00000005.tif
454,/content/drive/MyDrive/Digispecies/Data/unziped_02_dec/tx_7971/29046/images/Tuexen_7971_tif/00000007.tif
455,/content/drive/MyDrive/Digispecies/Data/unziped_02_dec/tx_7971/29046/images/Tuexen_7971_tif/00000023.tif
456,/content/drive/MyDrive/Digispecies/Data/unziped_02_dec/tx_7971/29046/images/Tuexen_7971_tif/00000027.tif
457,/content/drive/MyDrive/Digispecies/Data/unziped_02_dec/tx_7971/29046/images/Tuexen_7971_tif/00000025.tif
458,/content/drive/MyDrive/Digispecies/Data/unziped_02_dec/tx_7971/29046/images/Tuexen_7971_tif/00000029.tif
459,/content/drive/MyDrive/Digispecies/Data/unziped_02_dec/tx_7971/29046/images/Tuexen_7971_tif/00000033.tif
460,/content/drive/MyDrive/Digispecies/Data/unziped_02_dec/tx_7971/29046/images/Tuexen_7971_tif/00000035.tif
461,/content/drive/MyDrive/Digispecies/Data/unziped_02_dec/tx_7971/29046/images/Tuexen_7971_tif/00000039.tif
462,/content/drive/MyDrive/Digispecies/Data/unziped_02_dec/tx_7971/29046/images/Tuexen_7971_tif/00000041.tif
463,/content/drive/MyDrive/Digispecies/Data/unziped_02_dec/tx_7971/29046/images/Tuexen_7971_tif/00000043.tif
464,/content/drive/MyDrive/Digispecies/Data/unziped_02_dec/tx_7971/29046/images/Tuexen_7971_tif/00000045.tif
465,/content/drive/MyDrive/Digispecies/Data/unziped_02_dec/tx_7971/29046/images/Tuexen_7971_tif/00000047.tif
466,/content/drive/MyDrive/Digispecies/Data/unziped_02_dec/tx_7971/29046/images/Tuexen_7971_tif/00000055.tif
467,/content/drive/MyDrive/Digispecies/Data/unziped_02_dec/tx_7971/29046/images/Tuexen_7971_tif/00000057.tif
468,/content/drive/MyDrive/Digispecies/Data/unziped_02_dec/tx_7971/29046/images/Tuexen_7971_tif/00000059.tif
469,/content/drive/MyDrive/Digispecies/Data/unziped_02_dec/tx_7971/29046/images/Tuexen_7971_tif/00000063.tif
470,/content/drive/MyDrive/Digispecies/Data/unziped_02_dec/tx_7971/29046/images/Tuexen_7971_tif/00000065.tif
471,/content/drive/MyDrive/Digispecies/Data/unziped_02_dec/tx_7971/29046/images/Tuexen_7971_tif/00000067.tif
472,/content/drive/MyDrive/Digispecies/Data/unziped_02_dec/tx_7971/29046/images/Tuexen_7971_tif/00000069.tif
473,/content/drive/MyDrive/Digispecies/Data/unziped_02_dec/tx_7971/29046/images/Tuexen_7971_tif/00000071.tif
474,/content/drive/MyDrive/Digispecies/Data/unziped_02_dec/tx_7971/29046/images/Tuexen_7971_tif/00000073.tif
475,/content/drive/MyDrive/Digispecies/Data/unziped_02_dec/tx_7971/29046/images/Tuexen_7971_tif/00000075.tif
476,/content/drive/MyDrive/Digispecies/Data/unziped_02_dec/tx_7971/29046/images/Tuexen_7971_tif/00000077.tif
477,/content/drive/MyDrive/Digispecies/Data/unziped_02_dec/tx_7971/29046/images/Tuexen_7971_tif/00000079.tif
478,/content/drive/MyDrive/Digispecies/Data/unziped_02_dec/tx_7971/29046/images/Tuexen_7971_tif/00000083.tif
479,/content/drive/MyDrive/Digispecies/Data/unziped_02_dec/tx_7971/29046/images/Tuexen_7971_tif/00000081.tif
480,/content/drive/MyDrive/Digispecies/Data/unziped_02_dec/tx_7971/29046/images/Tuexen_7971_tif/00000085.tif
481,/content/drive/MyDrive/Digispecies/Data/unziped_02_dec/tx_7971/29046/images/Tuexen_7971_tif/00000087.tif
482,/content/drive/MyDrive/Digispecies/Data/unziped_02_dec/tx_7971/29046/images/Tuexen_7971_tif/00000091.tif
483,/content/drive/MyDrive/Digispecies/Data/unziped_02_dec/tx_7971/29046/images/Tuexen_7971_tif/00000093.tif
484,/content/drive/MyDrive/Digispecies/Data/unziped_02_dec/tx_7971/29046/images/Tuexen_7971_tif/00000097.tif
485,/content/drive/MyDrive/Digispecies/Data/unziped_02_dec/tx_7971/29046/images/Tuexen_7971_tif/00000101.tif
486,/content/drive/MyDrive/Digispecies/Data/unziped_02_dec/tx_7971/29046/images/Tuexen_7971_tif/00000103.tif
487,/content/drive/MyDrive/Digispecies/Data/unziped_02_dec/tx_7966/29042/images/Tuexen_7966_tif/00000003.tif
488,/content/drive/MyDrive/Digispecies/Data/unziped_02_dec/tx_7966/29042/images/Tuexen_7966_tif/00000005.tif
489,/content/drive/MyDrive/Digispecies/Data/unziped_02_dec/tx_7966/29042/images/Tuexen_7966_tif/00000007.tif
490,/content/drive/MyDrive/Digispecies/Data/unziped_02_dec/tx_7966/29042/images/Tuexen_7966_tif/00000009.tif
491,/content/drive/MyDrive/Digispecies/Data/unziped_02_dec/tx_7966/29042/images/Tuexen_7966_tif/00000011.tif
492,/content/drive/MyDrive/Digispecies/Data/unziped_02_dec/tx_7966/29042/images/Tuexen_7966_tif/00000013.tif
493,/content/drive/MyDrive/Digispecies/Data/unziped_02_dec/tx_7966/29042/images/Tuexen_7966_tif/00000015.tif
494,/content/drive/MyDrive/Digispecies/Data/unziped_02_dec/tx_7966/29042/images/Tuexen_7966_tif/00000017.tif
495,/content/drive/MyDrive/Digispecies/Data/unziped_02_dec/tx_7966/29042/images/Tuexen_7966_tif/00000019.tif
496,/content/drive/MyDrive/Digispecies/Data/unziped_02_dec/tx_7966/29042/images/Tuexen_7966_tif/00000021.tif
497,/content/drive/MyDrive/Digispecies/Data/unziped_02_dec/tx_7966/29042/images/Tuexen_7966_tif/00000023.tif
498,/content/drive/MyDrive/Digispecies/Data/unziped_02_dec/tx_7966/29042/images/Tuexen_7966_tif/00000025.tif
499,/content/drive/MyDrive/Digispecies/Data/unziped_02_dec/tx_7966/29042/images/Tuexen_7966_tif/00000027.tif
500,/content/drive/MyDrive/Digispecies/Data/unziped_02_dec/tx_7467/28994/images/Tuexen_7467_tif/00000007.tif
501,/content/drive/MyDrive/Digispecies/Data/unziped_02_dec/tx_8116/29070/images/Tuexen_8116_tif/00000007.tif
502,/content/drive/MyDrive/Digispecies/Data/unziped_02_dec/tx_8116/29070/images/Tuexen_8116_tif/00000009.tif
503,/content/drive/MyDrive/Digispecies/Data/unziped_02_dec/tx_8116/29070/images/Tuexen_8116_tif/00000014.tif
504,/content/drive/MyDrive/Digispecies/Data/unziped_02_dec/tx_7812/29031/images/Tuexen_7812_tif/00000007.tif
505,/content/drive/MyDrive/Digispecies/Data/unziped_02_dec/tx_7812/29031/images/Tuexen_7812_tif/00000021.tif
506,/content/drive/MyDrive/Digispecies/Data/unziped_02_dec/tx_7812/29031/images/Tuexen_7812_tif/00000024.tif
507,/content/drive/MyDrive/Digispecies/Data/unziped_02_dec/tx_7812/29031/images/Tuexen_7812_tif/00000027.tif
508,/content/drive/MyDrive/Digispecies/Data/unziped_02_dec/tx_7812/29031/images/Tuexen_7812_tif/00000025.tif
509,/content/drive/MyDrive/Digispecies/Data/unziped_02_dec/tx_7812/29031/images/Tuexen_7812_tif/00000026.tif
510,/content/drive/MyDrive/Digispecies/Data/unziped_02_dec/tx_7812/29031/images/Tuexen_7812_tif/00000028.tif
511,/content/drive/MyDrive/Digispecies/Data/unziped_02_dec/tx_7663/29019/images/Tuexen_7663_tif/00000002.tif
512,/content/drive/MyDrive/Digispecies/Data/unziped_02_dec/tx_7663/29019/images/Tuexen_7663_tif/00000003.tif
513,/content/drive/MyDrive/Digispecies/Data/unziped_02_dec/tx_7714/29026/images/Tuexen_7714_tif/00000024.tif
514,/content/drive/MyDrive/Digispecies/Data/unziped_02_dec/tx_7972/29047/images/Tuexen_7972_tif/00000017.tif
515,/content/drive/MyDrive/Digispecies/Data/unziped_02_dec/tx_7972/29047/images/Tuexen_7972_tif/00000019.tif
516,/content/drive/MyDrive/Digispecies/Data/unziped_02_dec/tx_7972/29047/images/Tuexen_7972_tif/00000018.tif
517,/content/drive/MyDrive/Digispecies/Data/unziped_02_dec/tx_7972/29047/images/Tuexen_7972_tif/00000023.tif
518,/content/drive/MyDrive/Digispecies/Data/unziped_02_dec/tx_7972/29047/images/Tuexen_7972_tif/00000024.tif
519,/content/drive/MyDrive/Digispecies/Data/unziped_02_dec/tx_7972/29047/images/Tuexen_7972_tif/00000027.tif
520,/content/drive/MyDrive/Digispecies/Data/unziped_02_dec/tx_7972/29047/images/Tuexen_7972_tif/00000025.tif
521,/content/drive/MyDrive/Digispecies/Data/unziped_02_dec/tx_7972/29047/images/Tuexen_7972_tif/00000026.tif
522,/content/drive/MyDrive/Digispecies/Data/unziped_02_dec/tx_7972/29047/images/Tuexen_7972_tif/00000029.tif
523,/content/drive/MyDrive/Digispecies/Data/unziped_02_dec/tx_7972/29047/images/Tuexen_7972_tif/00000033.tif
524,/content/drive/MyDrive/Digispecies/Data/unziped_02_dec/tx_7972/29047/images/Tuexen_7972_tif/00000037.tif
525,/content/drive/MyDrive/Digispecies/Data/unziped_02_dec/tx_7972/29047/images/Tuexen_7972_tif/00000055.tif
526,/content/drive/MyDrive/Digispecies/Data/unziped_02_dec/tx_7972/29047/images/Tuexen_7972_tif/00000056.tif
527,/content/drive/MyDrive/Digispecies/Data/unziped_02_dec/tx_7972/29047/images/Tuexen_7972_tif/00000057.tif
528,/content/drive/MyDrive/Digispecies/Data/unziped_02_dec/tx_7972/29047/images/Tuexen_7972_tif/00000058.tif
529,/content/drive/MyDrive/Digispecies/Data/unziped_02_dec/tx_7972/29047/images/Tuexen_7972_tif/00000059.tif
530,/content/drive/MyDrive/Digispecies/Data/unziped_02_dec/tx_7972/29047/images/Tuexen_7972_tif/00000062.tif
531,/content/drive/MyDrive/Digispecies/Data/unziped_02_dec/tx_8253/29084/images/Tuexen_8253_tif/00000004.tif
532,/content/drive/MyDrive/Digispecies/Data/unziped_02_dec/tx_8253/29084/images/Tuexen_8253_tif/00000005.tif
533,/content/drive/MyDrive/Digispecies/Data/unziped_02_dec/tx_8253/29084/images/Tuexen_8253_tif/00000012.tif
534,/content/drive/MyDrive/Digispecies/Data/unziped_02_dec/tx_8253/29084/images/Tuexen_8253_tif/00000011.tif
535,/content/drive/MyDrive/Digispecies/Data/unziped_02_dec/tx_7637/29017/images/Tuexen_7637_tif/00000005.tif
536,/content/drive/MyDrive/Digispecies/Data/unziped_02_dec/tx_7637/29017/images/Tuexen_7637_tif/00000004.tif
537,/content/drive/MyDrive/Digispecies/Data/unziped_02_dec/tx_7637/29017/images/Tuexen_7637_tif/00000006.tif
538,/content/drive/MyDrive/Digispecies/Data/unziped_02_dec/tx_7940/29036/images/Tuexen_7940_tif/00000005.tif
539,/content/drive/MyDrive/Digispecies/Data/unziped_02_dec/tx_7940/29036/images/Tuexen_7940_tif/00000043.tif
540,/content/drive/MyDrive/Digispecies/Data/unziped_02_dec/tx_7940/29036/images/Tuexen_7940_tif/00000049.tif
541,/content/drive/MyDrive/Digispecies/Data/unziped_02_dec/tx_7940/29036/images/Tuexen_7940_tif/00000048.tif
542,/content/drive/MyDrive/Digispecies/Data/unziped_02_dec/tx_7940/29036/images/Tuexen_7940_tif/00000050.tif
543,/content/drive/MyDrive/Digispecies/Data/unziped_02_dec/tx_7940/29036/images/Tuexen_7940_tif/00000057.tif
544,/content/drive/MyDrive/Digispecies/Data/unziped_02_dec/tx_7940/29036/images/Tuexen_7940_tif/00000058.tif
545,/content/drive/MyDrive/Digispecies/Data/unziped_02_dec/tx_7940/29036/images/Tuexen_7940_tif/00000060.tif
546,/content/drive/MyDrive/Digispecies/Data/unziped_02_dec/tx_7940/29036/images/Tuexen_7940_tif/00000059.tif
547,/content/drive/MyDrive/Digispecies/Data/unziped_02_dec/tx_7940/29036/images/Tuexen_7940_tif/00000063.tif
548,/content/drive/MyDrive/Digispecies/Data/unziped_02_dec/tx_7940/29036/images/Tuexen_7940_tif/00000062.tif
549,/content/drive/MyDrive/Digispecies/Data/unziped_02_dec/tx_7940/29036/images/Tuexen_7940_tif/00000061.tif
550,/content/drive/MyDrive/Digispecies/Data/unziped_02_dec/tx_7940/29036/images/Tuexen_7940_tif/00000064.tif
551,/content/drive/MyDrive/Digispecies/Data/unziped_02_dec/tx_7940/29036/images/Tuexen_7940_tif/00000065.tif
552,/content/drive/MyDrive/Digispecies/Data/unziped_02_dec/tx_7940/29036/images/Tuexen_7940_tif/00000066.tif
553,/content/drive/MyDrive/Digispecies/Data/unziped_02_dec/tx_7940/29036/images/Tuexen_7940_tif/00000067.tif
554,/content/drive/MyDrive/Digispecies/Data/unziped_02_dec/tx_7940/29036/images/Tuexen_7940_tif/00000068.tif
555,/content/drive/MyDrive/Digispecies/Data/unziped_02_dec/tx_7964/29040/images/Tuexen_7964_tif/00000003.tif
556,/content/drive/MyDrive/Digispecies/Data/unziped_02_dec/tx_7964/29040/images/Tuexen_7964_tif/00000005.tif
557,/content/drive/MyDrive/Digispecies/Data/unziped_02_dec/tx_7964/29040/images/Tuexen_7964_tif/00000007.tif
558,/content/drive/MyDrive/Digispecies/Data/unziped_02_dec/tx_7964/29040/images/Tuexen_7964_tif/00000009.tif
559,/content/drive/MyDrive/Digispecies/Data/unziped_02_dec/tx_7964/29040/images/Tuexen_7964_tif/00000011.tif
560,/content/drive/MyDrive/Digispecies/Data/unziped_02_dec/tx_7964/29040/images/Tuexen_7964_tif/00000013.tif
561,/content/drive/MyDrive/Digispecies/Data/unziped_02_dec/tx_7964/29040/images/Tuexen_7964_tif/00000017.tif
562,/content/drive/MyDrive/Digispecies/Data/unziped_02_dec/tx_7964/29040/images/Tuexen_7964_tif/00000027.tif
563,/content/drive/MyDrive/Digispecies/Data/unziped_02_dec/tx_7977/29050/images/Tuexen_7977_tif/00000005.tif
564,/content/drive/MyDrive/Digispecies/Data/unziped_02_dec/tx_7977/29050/images/Tuexen_7977_tif/00000009.tif
565,/content/drive/MyDrive/Digispecies/Data/unziped_02_dec/tx_8008/29057/images/Tuexen_8008_tif/00000003.tif
566,/content/drive/MyDrive/Digispecies/Data/unziped_02_dec/tx_8008/29057/images/Tuexen_8008_tif/00000008.tif
567,/content/drive/MyDrive/Digispecies/Data/unziped_02_dec/tx_8008/29057/images/Tuexen_8008_tif/00000011.tif
568,/content/drive/MyDrive/Digispecies/Data/unziped_02_dec/tx_8008/29057/images/Tuexen_8008_tif/00000012.tif
569,/content/drive/MyDrive/Digispecies/Data/unziped_02_dec/tx_8008/29057/images/Tuexen_8008_tif/00000026.tif
570,/content/drive/MyDrive/Digispecies/Data/unziped_02_dec/tx_8008/29057/images/Tuexen_8008_tif/00000027.tif
571,/content/drive/MyDrive/Digispecies/Data/unziped_02_dec/tx_8162/29077/images/Tuexen_8162_tif/00000003.tif
572,/content/drive/MyDrive/Digispecies/Data/unziped_02_dec/tx_8162/29077/images/Tuexen_8162_tif/00000002.tif
573,/content/drive/MyDrive/Digispecies/Data/unziped_02_dec/tx_8162/29077/images/Tuexen_8162_tif/00000004.tif
574,/content/drive/MyDrive/Digispecies/Data/unziped_02_dec/tx_8162/29077/images/Tuexen_8162_tif/00000006.tif
575,/content/drive/MyDrive/Digispecies/Data/unziped_02_dec/tx_8162/29077/images/Tuexen_8162_tif/00000023.tif
576,/content/drive/MyDrive/Digispecies/Data/unziped_02_dec/tx_8162/29077/images/Tuexen_8162_tif/00000027.tif
577,/content/drive/MyDrive/Digispecies/Data/unziped_02_dec/tx_7638/29018/images/Tuexen_7638_tif/00000021.tif
578,/content/drive/MyDrive/Digispecies/Data/unziped_02_dec/tx_7638/29018/images/Tuexen_7638_tif/00000024.tif
579,/content/drive/MyDrive/Digispecies/Data/unziped_02_dec/tx_7638/29018/images/Tuexen_7638_tif/00000022.tif
580,/content/drive/MyDrive/Digispecies/Data/unziped_02_dec/tx_7638/29018/images/Tuexen_7638_tif/00000025.tif
581,/content/drive/MyDrive/Digispecies/Data/unziped_02_dec/tx_7638/29018/images/Tuexen_7638_tif/00000005.tif
582,/content/drive/MyDrive/Digispecies/Data/unziped_02_dec/tx_7638/29018/images/Tuexen_7638_tif/00000006.tif
583,/content/drive/MyDrive/Digispecies/Data/unziped_02_dec/tx_7638/29018/images/Tuexen_7638_tif/00000009.tif
584,/content/drive/MyDrive/Digispecies/Data/unziped_02_dec/tx_7638/29018/images/Tuexen_7638_tif/00000010.tif
585,/content/drive/MyDrive/Digispecies/Data/unziped_02_dec/tx_7638/29018/images/Tuexen_7638_tif/00000012.tif
586,/content/drive/MyDrive/Digispecies/Data/unziped_02_dec/tx_7638/29018/images/Tuexen_7638_tif/00000013.tif
587,/content/drive/MyDrive/Digispecies/Data/unziped_02_dec/tx_7638/29018/images/Tuexen_7638_tif/00000014.tif
588,/content/drive/MyDrive/Digispecies/Data/unziped_02_dec/tx_7638/29018/images/Tuexen_7638_tif/00000016.tif
589,/content/drive/MyDrive/Digispecies/Data/unziped_02_dec/tx_7638/29018/images/Tuexen_7638_tif/00000020.tif
590,/content/drive/MyDrive/Digispecies/Data/unziped_02_dec/tx_7487/29001/images/Tuexen_7487_tif/00000003.tif
591,/content/drive/MyDrive/Digispecies/Data/unziped_02_dec/tx_7487/29001/images/Tuexen_7487_tif/00000004.tif
592,/content/drive/MyDrive/Digispecies/Data/unziped_02_dec/tx_7487/29001/images/Tuexen_7487_tif/00000021.tif
593,/content/drive/MyDrive/Digispecies/Data/unziped_02_dec/tx_7487/29001/images/Tuexen_7487_tif/00000041.tif
594,/content/drive/MyDrive/Digispecies/Data/unziped_02_dec/tx_7487/29001/images/Tuexen_7487_tif/00000042.tif
595,/content/drive/MyDrive/Digispecies/Data/unziped_02_dec/tx_7487/29001/images/Tuexen_7487_tif/00000047.tif
596,/content/drive/MyDrive/Digispecies/Data/unziped_02_dec/tx_7487/29001/images/Tuexen_7487_tif/00000048.tif
597,/content/drive/MyDrive/Digispecies/Data/unziped_02_dec/tx_7487/29001/images/Tuexen_7487_tif/00000052.tif
598,/content/drive/MyDrive/Digispecies/Data/unziped_02_dec/tx_7487/29001/images/Tuexen_7487_tif/00000063.tif
599,/content/drive/MyDrive/Digispecies/Data/unziped_02_dec/tx_7487/29001/images/Tuexen_7487_tif/00000068.tif
600,/content/drive/MyDrive/Digispecies/Data/unziped_02_dec/tx_7487/29001/images/Tuexen_7487_tif/00000072.tif
601,/content/drive/MyDrive/Digispecies/Data/unziped_02_dec/tx_7487/29001/images/Tuexen_7487_tif/00000075.tif
602,/content/drive/MyDrive/Digispecies/Data/unziped_02_dec/tx_7487/29001/images/Tuexen_7487_tif/00000071.tif
603,/content/drive/MyDrive/Digispecies/Data/unziped_02_dec/tx_7487/29001/images/Tuexen_7487_tif/00000078.tif
604,/content/drive/MyDrive/Digispecies/Data/unziped_02_dec/tx_7487/29001/images/Tuexen_7487_tif/00000079.tif
605,/content/drive/MyDrive/Digispecies/Data/unziped_02_dec/tx_7487/29001/images/Tuexen_7487_tif/00000084.tif
606,/content/drive/MyDrive/Digispecies/Data/unziped_02_dec/tx_7487/29001/images/Tuexen_7487_tif/00000085.tif
607,/content/drive/MyDrive/Digispecies/Data/unziped_02_dec/tx_7487/29001/images/Tuexen_7487_tif/00000086.tif
608,/content/drive/MyDrive/Digispecies/Data/unziped_02_dec/tx_7487/29001/images/Tuexen_7487_tif/00000094.tif
609,/content/drive/MyDrive/Digispecies/Data/unziped_02_dec/tx_7487/29001/images/Tuexen_7487_tif/00000093.tif
610,/content/drive/MyDrive/Digispecies/Data/unziped_02_dec/tx_7487/29001/images/Tuexen_7487_tif/00000091.tif
611,/content/drive/MyDrive/Digispecies/Data/unziped_02_dec/tx_7487/29001/images/Tuexen_7487_tif/00000099.tif
612,/content/drive/MyDrive/Digispecies/Data/unziped_02_dec/tx_7487/29001/images/Tuexen_7487_tif/00000096.tif
613,/content/drive/MyDrive/Digispecies/Data/unziped_02_dec/tx_7487/29001/images/Tuexen_7487_tif/00000098.tif
614,/content/drive/MyDrive/Digispecies/Data/unziped_02_dec/tx_7487/29001/images/Tuexen_7487_tif/00000095.tif
615,/content/drive/MyDrive/Digispecies/Data/unziped_02_dec/tx_7487/29001/images/Tuexen_7487_tif/00000097.tif
616,/content/drive/MyDrive/Digispecies/Data/unziped_02_dec/tx_7487/29001/images/Tuexen_7487_tif/00000101.tif
617,/content/drive/MyDrive/Digispecies/Data/unziped_02_dec/tx_7487/29001/images/Tuexen_7487_tif/00000100.tif
618,/content/drive/MyDrive/Digispecies/Data/unziped_02_dec/tx_7487/29001/images/Tuexen_7487_tif/00000103.tif
619,/content/drive/MyDrive/Digispecies/Data/unziped_02_dec/tx_7487/29001/images/Tuexen_7487_tif/00000102.tif
620,/content/drive/MyDrive/Digispecies/Data/unziped_02_dec/tx_7487/29001/images/Tuexen_7487_tif/00000104.tif
621,/content/drive/MyDrive/Digispecies/Data/unziped_02_dec/tx_7487/29001/images/Tuexen_7487_tif/00000105.tif
622,/content/drive/MyDrive/Digispecies/Data/unziped_02_dec/tx_7487/29001/images/Tuexen_7487_tif/00000106.tif
623,/content/drive/MyDrive/Digispecies/Data/unziped_02_dec/tx_7487/29001/images/Tuexen_7487_tif/00000107.tif
624,/content/drive/MyDrive/Digispecies/Data/unziped_02_dec/tx_7487/29001/images/Tuexen_7487_tif/00000108.tif
625,/content/drive/MyDrive/Digispecies/Data/unziped_02_dec/tx_7487/29001/images/Tuexen_7487_tif/00000110.tif
626,/content/drive/MyDrive/Digispecies/Data/unziped_02_dec/tx_7487/29001/images/Tuexen_7487_tif/00000109.tif
627,/content/drive/MyDrive/Digispecies/Data/unziped_02_dec/tx_7678/29022/images/Tuexen_7678_tif/00000005.tif
628,/content/drive/MyDrive/Digispecies/Data/unziped_02_dec/tx_7678/29022/images/Tuexen_7678_tif/00000006.tif
629,/content/drive/MyDrive/Digispecies/Data/unziped_02_dec/tx_7678/29022/images/Tuexen_7678_tif/00000007.tif
630,/content/drive/MyDrive/Digispecies/Data/unziped_02_dec/tx_7678/29022/images/Tuexen_7678_tif/00000009.tif
631,/content/drive/MyDrive/Digispecies/Data/unziped_02_dec/tx_7678/29022/images/Tuexen_7678_tif/00000010.tif
632,/content/drive/MyDrive/Digispecies/Data/unziped_02_dec/tx_7678/29022/images/Tuexen_7678_tif/00000011.tif
633,/content/drive/MyDrive/Digispecies/Data/unziped_02_dec/tx_7678/29022/images/Tuexen_7678_tif/00000012.tif
634,/content/drive/MyDrive/Digispecies/Data/unziped_02_dec/tx_7484/28998/images/Tuexen_7484_tif/00000008.tif
635,/content/drive/MyDrive/Digispecies/Data/unziped_02_dec/tx_7484/28998/images/Tuexen_7484_tif/00000017.tif
636,/content/drive/MyDrive/Digispecies/Data/unziped_02_dec/tx_7484/28998/images/Tuexen_7484_tif/00000018.tif
637,/content/drive/MyDrive/Digispecies/Data/unziped_02_dec/tx_7484/28998/images/Tuexen_7484_tif/00000024.tif
638,/content/drive/MyDrive/Digispecies/Data/unziped_02_dec/tx_7484/28998/images/Tuexen_7484_tif/00000026.tif
639,/content/drive/MyDrive/Digispecies/Data/unziped_02_dec/tx_7407/28981/images/Tuexen_7407_tif/00000016.tif
640,/content/drive/MyDrive/Digispecies/Data/unziped_02_dec/tx_7942/29037/images/Tuexen_7942_tif/00000012.tif
641,/content/drive/MyDrive/Digispecies/Data/unziped_02_dec/tx_7942/29037/images/Tuexen_7942_tif/00000013.tif
642,/content/drive/MyDrive/Digispecies/Data/unziped_02_dec/tx_7942/29037/images/Tuexen_7942_tif/00000019.tif
643,/content/drive/MyDrive/Digispecies/Data/unziped_02_dec/tx_7942/29037/images/Tuexen_7942_tif/00000022.tif
644,/content/drive/MyDrive/Digispecies/Data/unziped_02_dec/tx_7942/29037/images/Tuexen_7942_tif/00000026.tif
645,/content/drive/MyDrive/Digispecies/Data/unziped_02_dec/tx_7942/29037/images/Tuexen_7942_tif/00000036.tif
646,/content/drive/MyDrive/Digispecies/Data/unziped_02_dec/tx_7942/29037/images/Tuexen_7942_tif/00000037.tif
647,/content/drive/MyDrive/Digispecies/Data/unziped_02_dec/tx_7942/29037/images/Tuexen_7942_tif/00000039.tif
648,/content/drive/MyDrive/Digispecies/Data/unziped_02_dec/tx_7942/29037/images/Tuexen_7942_tif/00000040.tif
649,/content/drive/MyDrive/Digispecies/Data/unziped_02_dec/tx_7942/29037/images/Tuexen_7942_tif/00000041.tif
650,/content/drive/MyDrive/Digispecies/Data/unziped_02_dec/tx_7942/29037/images/Tuexen_7942_tif/00000043.tif
651,/content/drive/MyDrive/Digispecies/Data/unziped_02_dec/tx_7942/29037/images/Tuexen_7942_tif/00000042.tif
652,/content/drive/MyDrive/Digispecies/Data/unziped_02_dec/tx_7942/29037/images/Tuexen_7942_tif/00000044.tif
653,/content/drive/MyDrive/Digispecies/Data/unziped_02_dec/tx_7687/29023/images/Tuexen_7687_tif/00000003.tif
654,/content/drive/MyDrive/Digispecies/Data/unziped_02_dec/tx_8095/29065/images/Tuexen_8095_tif/00000005.tif
655,/content/drive/MyDrive/Digispecies/Data/unziped_02_dec/tx_8095/29065/images/Tuexen_8095_tif/00000004.tif
656,/content/drive/MyDrive/Digispecies/Data/unziped_02_dec/tx_8095/29065/images/Tuexen_8095_tif/00000006.tif
657,/content/drive/MyDrive/Digispecies/Data/unziped_02_dec/tx_8095/29065/images/Tuexen_8095_tif/00000007.tif
658,/content/drive/MyDrive/Digispecies/Data/unziped_02_dec/tx_8095/29065/images/Tuexen_8095_tif/00000010.tif
659,/content/drive/MyDrive/Digispecies/Data/unziped_02_dec/tx_8095/29065/images/Tuexen_8095_tif/00000009.tif
660,/content/drive/MyDrive/Digispecies/Data/unziped_02_dec/tx_8095/29065/images/Tuexen_8095_tif/00000012.tif
661,/content/drive/MyDrive/Digispecies/Data/unziped_02_dec/tx_8095/29065/images/Tuexen_8095_tif/00000013.tif
662,/content/drive/MyDrive/Digispecies/Data/unziped_02_dec/tx_8095/29065/images/Tuexen_8095_tif/00000014.tif
663,/content/drive/MyDrive/Digispecies/Data/unziped_02_dec/tx_8095/29065/images/Tuexen_8095_tif/00000016.tif
664,/content/drive/MyDrive/Digispecies/Data/unziped_02_dec/tx_7978/29051/images/Tuexen_7978_tif/00000015.tif
665,/content/drive/MyDrive/Digispecies/Data/unziped_02_dec/tx_7978/29051/images/Tuexen_7978_tif/00000018.tif
666,/content/drive/MyDrive/Digispecies/Data/unziped_02_dec/tx_7978/29051/images/Tuexen_7978_tif/00000049.tif
667,/content/drive/MyDrive/Digispecies/Data/unziped_02_dec/tx_7978/29051/images/Tuexen_7978_tif/00000058.tif
668,/content/drive/MyDrive/Digispecies/Data/unziped_02_dec/tx_7978/29051/images/Tuexen_7978_tif/00000059.tif
669,/content/drive/MyDrive/Digispecies/Data/unziped_02_dec/tx_7978/29051/images/Tuexen_7978_tif/00000064.tif
670,/content/drive/MyDrive/Digispecies/Data/unziped_02_dec/tx_7978/29051/images/Tuexen_7978_tif/00000068.tif
671,/content/drive/MyDrive/Digispecies/Data/unziped_02_dec/tx_7978/29051/images/Tuexen_7978_tif/00000077.tif
672,/content/drive/MyDrive/Digispecies/Data/unziped_02_dec/tx_7978/29051/images/Tuexen_7978_tif/00000074.tif
673,/content/drive/MyDrive/Digispecies/Data/unziped_02_dec/tx_7978/29051/images/Tuexen_7978_tif/00000078.tif
674,/content/drive/MyDrive/Digispecies/Data/unziped_02_dec/tx_7978/29051/images/Tuexen_7978_tif/00000100.tif
675,/content/drive/MyDrive/Digispecies/Data/unziped_02_dec/tx_7978/29051/images/Tuexen_7978_tif/00000101.tif
676,/content/drive/MyDrive/Digispecies/Data/unziped_02_dec/tx_7978/29051/images/Tuexen_7978_tif/00000110.tif
677,/content/drive/MyDrive/Digispecies/Data/unziped_02_dec/tx_7978/29051/images/Tuexen_7978_tif/00000112.tif
678,/content/drive/MyDrive/Digispecies/Data/unziped_02_dec/tx_7978/29051/images/Tuexen_7978_tif/00000127.tif
679,/content/drive/MyDrive/Digispecies/Data/unziped_02_dec/tx_7978/29051/images/Tuexen_7978_tif/00000126.tif
680,/content/drive/MyDrive/Digispecies/Data/unziped_02_dec/tx_7978/29051/images/Tuexen_7978_tif/00000138.tif
681,/content/drive/MyDrive/Digispecies/Data/unziped_02_dec/tx_7978/29051/images/Tuexen_7978_tif/00000139.tif
682,/content/drive/MyDrive/Digispecies/Data/unziped_02_dec/tx_7978/29051/images/Tuexen_7978_tif/00000179.tif
